Match_ID,Home_Team,Away_Team,Commence_Time,Away_Odds_1xBet,Away_Odds_888sport,Away_Odds_Bet Victor,Away_Odds_BetOnline.ag,Away_Odds_Betclic,Away_Odds_Betfair,Away_Odds_Betfair Sportsbook,Away_Odds_Betsson,Away_Odds_Betway,Away_Odds_BoyleSports,Away_Odds_Casumo,Away_Odds_Coolbet,Away_Odds_Coral,Away_Odds_Everygame,Away_Odds_Grosvenor,Away_Odds_Ladbrokes,Away_Odds_LeoVegas,Away_Odds_LiveScore Bet,Away_Odds_LiveScore Bet (EU),Away_Odds_Marathon Bet,Away_Odds_Mr Green,Away_Odds_MyBookie.ag,Away_Odds_Nordic Bet,Away_Odds_Pinnacle,Away_Odds_Sky Bet,Away_Odds_Suprabets,Away_Odds_Tipico,Away_Odds_Unibet,Away_Odds_Virgin Bet,Away_Odds_William Hill,Draw_Odds_1xBet,Draw_Odds_888sport,Draw_Odds_Bet Victor,Draw_Odds_BetOnline.ag,Draw_Odds_Betclic,Draw_Odds_Betfair,Draw_Odds_Betfair Sportsbook,Draw_Odds_Betsson,Draw_Odds_Betway,Draw_Odds_BoyleSports,Draw_Odds_Casumo,Draw_Odds_Coolbet,Draw_Odds_Coral,Draw_Odds_Everygame,Draw_Odds_Grosvenor,Draw_Odds_Ladbrokes,Draw_Odds_LeoVegas,Draw_Odds_LiveScore Bet,Draw_Odds_LiveScore Bet (EU),Draw_Odds_Marathon Bet,Draw_Odds_Mr Green,Draw_Odds_MyBookie.ag,Draw_Odds_Nordic Bet,Draw_Odds_Pinnacle,Draw_Odds_Sky Bet,Draw_Odds_Suprabets,Draw_Odds_Tipico,Draw_Odds_Unibet,Draw_Odds_Virgin Bet,Draw_Odds_William Hill,Home_Odds_1xBet,Home_Odds_888sport,Home_Odds_Bet Victor,Home_Odds_BetOnline.ag,Home_Odds_Betclic,Home_Odds_Betfair,Home_Odds_Betfair Sportsbook,Home_Odds_Betsson,Home_Odds_Betway,Home_Odds_BoyleSports,Home_Odds_Casumo,Home_Odds_Coolbet,Home_Odds_Coral,Home_Odds_Everygame,Home_Odds_Grosvenor,Home_Odds_Ladbrokes,Home_Odds_LeoVegas,Home_Odds_LiveScore Bet,Home_Odds_LiveScore Bet (EU),Home_Odds_Marathon Bet,Home_Odds_Mr Green,Home_Odds_MyBookie.ag,Home_Odds_Nordic Bet,Home_Odds_Pinnacle,Home_Odds_Sky Bet,Home_Odds_Suprabets,Home_Odds_Tipico,Home_Odds_Unibet,Home_Odds_Virgin Bet,Home_Odds_William Hill
00351878709543ad15bbba4b7a2062a1,Liverpool,Chelsea,2024-10-20T15:30:00Z,4.47,4.5,4.33,4.35,4.12,5.0,4.0,4.5,4.2,4.2,4.6,4.85,4.5,4.33,4.6,4.4,4.6,4.5,4.4,4.4,4.7,4.3,4.4,4.48,4.33,4.6,4.4,4.725,4.5,4.5,4.53,4.33,4.2,4.31,3.92,4.7,3.3,4.55,4.2,4.2,4.3,4.6,4.33,4.33,4.3,4.2,4.25,4.2,4.1,4.45,4.35,4.1,4.45,4.39,4.2,4.6,4.4,4.375,4.2,4.2,1.72,1.67,1.65,1.7,1.63,1.75,1.57,1.7,1.67,1.67,1.65,1.62,1.67,1.65,1.65,1.65,1.63,1.6,1.58,1.69,1.66,1.67,1.65,1.69,1.67,1.73,1.65,1.68,1.58,1.7
00f07d17652140a496750eb183ad1409,Chelsea,Newcastle United,2024-10-20T15:00:00Z,4.83,5.27,5.7,6.11,4.78,4.45,6.25,4.79,5.62,6.29,6.08,5.28,4.5,4.95,5.92,4.96,4.15,4.25,4.93,4.12,4.72,6.29,4.56,6.26,4.8,5.65,6.47,4.5,6.24,6.18,4.44,3.37,4.67,5.28,3.72,4.12,5.02,4.9,3.4,4.31,3.96,3.66,3.61,3.9,3.71,4.26,4.9,3.29,4.8,3.46,3.53,4.02,5.47,3.85,5.0,5.27,3.21,5.36,4.73,3.49,1.6,1.58,1.56,2.31,2.35,1.7,1.43,1.5,1.46,2.26,2.08,2.22,2.09,1.7,2.02,1.92,1.95,1.55,2.34,1.66,1.59,2.24,2.42,1.67,2.38,1.97,1.51,2.31,2.1,1.75
0264968cec144da3b8b99c156046cdff,Brighton & Hove Albion,Aston Villa,2024-10-20T15:00:00Z,6.38,5.97,5.43,4.16,6.12,4.19,4.28,4.25,4.38,4.02,5.96,5.13,5.42,4.07,5.48,4.39,4.1,5.22,4.28,5.46,5.44,5.56,6.32,6.1,6.07,5.29,6.33,5.18,5.25,5.19,3.39,3.56,4.28,4.71,5.48,3.09,4.56,4.28,4.21,5.05,5.11,4.2,4.46,4.83,4.75,3.96,3.14,3.64,4.41,4.37,4.13,3.56,3.74,4.43,4.88,4.95,3.62,3.7,5.22,5.39,1.68,2.2,1.91,2.42,1.52,1.72,2.45,1.53,2.48,2.49,2.0,2.01,2.43,1.69,2.42,1.79,1.75,2.31,2.2,2.5,2.04,2.21,1.93,1.87,2.08,1.44,1.56,2.0,1.95,1.95
0613fb74c36c472ca4133d0c79a08ee6,Manchester City,Everton,2024-10-20T15:00:00Z,5.31,4.02,4.23,6.11,4.57,5.89,4.16,5.3,5.74,5.75,5.4,4.61,4.21,4.35,5.33,5.81,4.57,5.67,6.05,4.33,4.31,4.49,5.26,6.36,6.49,4.37,4.88,5.99,6.4,5.99,3.55,4.09,5.14,3.51,3.79,5.41,5.09,3.49,4.22,4.61,3.79,4.69,4.4,3.85,3.85,3.8,3.11,3.47,5.16,5.43,4.46,4.6,4.95,5.01,3.56,4.77,5.16,3.19,3.55,3.2,1.82,1.6,2.28,1.67,2.25,2.48,2.02,1.83,1.62,2.08,2.29,1.42,2.49,1.94,1.55,1.55,1.76,1.8,1.48,2.31,1.6,2.03,1.81,1.43,1.8,1.87,1.49,2.03,1.42,1.82
08a9e3241c27d9fbb3aa3f1950527c63,Wolverhampton Wanderers,Manchester City,2024-10-20T13:00:00Z,1.32,1.29,1.29,1.3,1.26,1.34,1.22,1.31,1.29,1.29,1.32,1.3,1.3,1.28,1.32,1.3,1.29,1.27,,1.3,1.32,1.28,1.29,1.31,1.25,1.33,1.28,1.335,1.25,1.3,6.01,6.0,5.5,5.9,5.3,6.8,4.5,6.0,5.5,5.5,5.6,6.0,5.75,5.75,5.6,5.75,5.6,5.5,,5.9,5.75,5.6,5.85,5.97,5.75,6.5,6.0,5.775,5.5,5.8,9.55,9.0,9.0,9.0,7.7,11.0,7.5,10.0,8.5,9.0,9.0,9.5,9.0,8.5,9.0,9.0,8.5,8.5,,9.4,9.0,8.2,9.6,9.01,9.5,9.7,9.0,9.0,8.5,9.5
0d0ccba76ade4ef892f698fd197ce7eb,Chelsea,Brighton & Hove Albion,2024-10-20T15:00:00Z,5.17,4.19,6.02,4.35,5.29,4.56,6.03,6.09,6.29,5.9,5.15,4.26,4.77,4.26,4.17,5.28,5.05,6.09,6.3,6.31,5.35,5.9,4.99,5.95,5.44,6.32,5.36,5.18,4.88,4.83,4.04,3.54,4.26,5.11,4.31,4.13,5.23,3.66,5.31,4.66,4.45,3.39,3.75,5.48,5.0,3.78,5.2,3.8,4.4,3.02,5.02,3.8,5.47,3.27,3.63,3.57,3.63,3.8,3.96,3.98,1.59,2.04,2.48,1.79,1.6,1.86,2.27,1.98,1.89,1.8,1.76,2.28,2.14,1.64,1.92,2.18,2.5,2.08,2.08,1.74,1.46,1.85,1.45,1.98,2.36,2.44,1.92,1.64,1.72,1.61
0ee4f920fbe649b1a56957eb9b94ff5a,Manchester City,Tottenham Hotspur,2024-10-20T15:00:00Z,4.99,6.09,6.28,5.24,5.45,4.56,6.14,5.09,5.21,5.95,4.67,4.95,4.27,6.43,5.99,4.87,5.73,5.06,5.99,4.6,6.28,5.08,6.49,5.77,4.42,4.07,5.34,6.25,4.82,6.29,3.5,5.2,4.74,5.19,5.4,3.13,3.85,4.88,3.11,3.21,5.13,4.01,4.88,3.89,3.71,5.14,3.28,3.82,4.21,3.06,3.76,3.25,5.45,3.19,4.09,4.07,3.27,4.27,3.99,4.14,2.11,2.45,1.86,1.94,1.69,2.32,2.05,1.68,2.4,1.42,1.58,1.71,2.27,1.85,1.55,2.17,1.85,1.86,2.02,2.12,1.78,2.19,2.03,2.31,2.12,2.14,1.48,1.89,2.29,2.33
121e9c1dfeb14d9b954929b9e9713a10,Manchester City,Fulham,2024-10-20T15:00:00Z,6.4,4.49,6.23,4.73,6.27,4.93,5.75,6.11,4.11,5.77,6.05,5.82,4.27,5.86,4.76,5.49,6.28,4.59,4.83,4.36,4.51,4.49,6.38,4.87,5.57,4.21,6.02,6.02,6.12,6.42,4.58,4.39,3.2,4.4,4.05,5.3,5.19,5.27,3.99,4.73,5.49,4.27,5.04,3.67,4.06,3.21,3.47,5.06,5.16,4.34,4.34,4.55,5.06,3.76,4.02,5.17,3.69,3.31,3.71,5.23,2.09,2.07,2.16,1.99,2.44,2.01,2.46,1.95,2.03,2.48,2.41,2.35,2.01,1.79,1.81,1.95,2.23,2.13,1.47,1.73,2.26,1.76,1.48,2.11,1.68,2.04,2.08,2.12,1.98,1.79
152454388558d4d22919ced2caec0328,Tottenham Hotspur,West Ham United,2024-10-19T11:30:00Z,5.76,5.5,5.75,5.7,4.98,6.6,5.0,6.0,5.5,5.0,6.25,5.75,5.5,5.5,6.25,5.5,6.1,6.1,6.0,5.65,6.25,5.2,5.8,5.75,5.5,6.0,5.7,6.325,6.0,5.8,5.04,5.0,4.75,4.9,4.55,5.3,3.75,5.1,4.5,4.75,4.8,5.0,4.8,4.75,4.8,4.8,4.7,4.6,4.6,4.95,4.8,4.7,4.95,4.88,4.6,5.2,4.9,4.85,4.6,4.75,1.53,1.5,1.45,1.49,1.45,1.54,1.4,1.5,1.48,1.44,1.45,1.5,1.5,1.5,1.45,1.5,1.43,1.42,1.4,1.5,1.47,1.48,1.48,1.5,1.5,1.54,1.47,1.485,1.4,1.5
1705735a681d4cbda1d6ef8f196c7ce8,Wolverhampton Wanderers,Fulham,2024-10-20T15:00:00Z,6.0,4.86,4.68,5.33,5.8,6.43,5.32,5.51,4.91,5.67,4.45,6.11,4.96,5.75,6.24,5.55,5.94,5.36,5.71,5.2,6.5,4.98,5.71,4.79,6.38,5.81,4.11,5.03,6.49,4.73,4.52,3.37,5.08,4.1,3.47,4.8,3.53,3.41,3.84,4.2,3.39,3.45,5.32,4.89,4.03,3.7,4.57,3.68,3.54,5.37,3.24,4.48,4.6,4.88,3.36,5.42,4.22,3.34,4.79,3.27,1.51,2.47,1.6,1.96,2.49,1.96,1.91,1.54,2.37,2.14,2.42,2.19,1.64,2.13,1.61,2.19,1.67,2.33,1.81,2.16,1.78,1.71,2.48,2.11,1.79,1.83,2.05,2.35,1.43,1.79
176e9958429e40379ca4fb21a462efe5,Chelsea,Luton Town,2024-10-20T15:00:00Z,5.86,5.86,6.49,4.62,5.82,5.29,4.58,5.93,4.88,5.65,6.23,5.87,5.49,4.03,5.01,6.47,5.94,5.24,4.93,5.41,5.76,5.12,5.85,4.56,4.22,4.64,5.03,5.89,5.62,5.31,5.11,5.09,4.59,5.25,4.99,4.73,4.41,3.31,3.61,3.46,4.19,3.68,4.27,4.44,3.41,3.62,4.54,4.25,3.55,3.97,3.71,5.07,3.72,3.51,4.02,3.17,4.13,4.06,3.27,4.79,2.08,2.38,1.46,2.43,2.02,2.45,1.68,1.61,2.08,2.37,1.63,1.77,2.04,1.86,1.67,2.14,1.89,2.15,2.28,2.35,2.3,2.2,1.94,1.83,2.0,2.39,2.0,1.6,1.61,2.15
177e106890b6c236f474e390f20ee4f6,West Ham United,Manchester United,2024-10-27T14:00:00Z,2.54,2.5,,,,2.6,,2.48,2.3,,2.55,,2.5,,2.55,2.5,2.5,2.48,2.45,2.49,2.6,2.38,2.45,,2.3,2.58,2.4,2.615,2.45,2.6,3.75,3.5,,,,22.0,,3.7,3.5,,3.55,,3.7,,3.55,3.6,3.5,3.45,3.4,3.68,3.6,3.5,3.6,,3.6,3.78,3.5,3.625,3.45,3.6,2.74,2.75,,,,840.0,,2.78,2.75,,2.6,,2.6,,2.6,2.6,2.55,2.55,2.5,2.69,2.63,2.66,2.72,,2.75,2.79,2.8,2.665,2.5,2.62
23c788ed2ad54c90b8c18145d0203b82,Luton Town,West Ham United,2024-10-20T15:00:00Z,5.76,4.44,4.18,4.94,6.35,5.31,5.15,6.32,6.5,5.8,5.33,5.63,5.54,5.17,4.73,4.77,6.48,4.5,5.58,5.67,5.91,4.9,4.82,5.12,5.36,4.64,5.33,4.29,5.8,4.32,4.13,5.32,3.27,3.82,3.52,4.3,3.73,5.33,4.83,4.67,4.88,4.83,5.18,4.55,3.59,5.35,5.03,3.61,3.99,4.03,3.01,5.08,4.37,5.39,5.38,4.49,5.32,4.87,4.22,5.36,2.06,1.97,2.3,1.68,2.21,2.15,2.26,2.41,1.95,1.85,1.84,2.38,2.42,1.98,2.02,2.19,1.95,1.59,2.3,2.04,1.73,1.67,1.68,2.27,2.28,2.07,2.01,2.23,1.46,2.09
2401c741d8e0baa12b4515d8e862b13e,Chelsea,Newcastle United,2024-10-27T14:00:00Z,3.65,3.6,,,3.22,4.4,,3.6,3.4,,3.7,,3.6,,3.7,3.5,3.6,3.55,3.5,3.58,3.7,3.46,3.5,,3.5,3.76,3.7,3.75,3.55,3.6,4.08,3.8,,,3.57,4.7,,4.1,3.75,,3.85,,3.75,,3.85,3.75,3.8,3.7,3.7,4.0,3.85,3.85,4.0,,3.8,4.2,3.8,3.9,3.7,3.9,1.98,1.95,,,1.79,2.12,,1.95,1.91,,1.92,,1.95,,1.92,1.95,1.88,1.86,1.84,1.94,1.93,1.88,1.92,,1.91,1.99,1.9,1.945,1.84,1.95
282ba9e2a5c44951a1c07abf70f78002,Fulham,Nottingham Forest,2024-10-20T15:00:00Z,4.68,5.02,4.54,5.23,4.39,5.15,5.77,4.57,4.31,5.75,5.8,5.56,4.61,5.42,4.11,5.14,5.39,6.46,4.33,4.35,4.79,4.56,5.5,6.14,4.23,4.48,4.21,4.46,6.12,5.34,4.98,3.29,4.98,4.37,4.76,4.37,4.79,5.07,4.08,3.97,3.24,3.42,3.69,4.32,3.28,3.92,3.87,3.91,4.94,3.38,3.99,3.34,5.13,3.73,3.05,3.97,5.47,4.99,4.56,3.19,2.24,1.88,2.22,1.51,1.45,2.35,1.69,1.93,2.21,1.91,1.51,1.85,1.66,2.05,1.44,1.6,1.5,1.95,2.05,1.98,1.98,1.84,2.34,1.56,1.79,2.32,2.11,1.62,2.04,2.28
2c632518f6064a92b1c7b7f32ec2baba,Sheffield United,Burnley,2024-10-20T15:00:00Z,4.69,6.24,4.39,5.79,6.44,5.2,5.12,4.66,5.7,4.21,6.13,4.82,4.41,4.43,6.46,4.78,5.17,6.41,4.16,6.46,5.98,6.0,5.68,6.08,6.18,4.7,5.91,5.31,5.3,6.34,3.08,3.68,3.78,5.11,4.27,3.19,5.39,3.98,3.19,3.16,3.51,4.98,4.89,3.43,3.55,3.69,4.35,5.32,3.89,5.47,3.39,5.18,3.96,4.06,4.87,3.38,5.15,3.83,5.13,5.31,1.57,2.39,2.41,1.55,1.44,1.62,1.6,1.62,1.77,2.02,2.45,1.8,2.28,1.68,1.99,2.15,2.23,2.42,1.61,1.51,1.91,1.87,2.12,1.83,2.01,2.4,1.58,2.35,1.99,2.1
3031c5ee10b4441b87f29b17b673ac6a,Wolverhampton Wanderers,Burnley,2024-10-20T15:00:00Z,5.74,4.48,4.41,6.49,4.9,6.28,6.18,5.75,5.47,4.55,5.23,6.25,5.42,5.24,6.21,5.83,5.75,5.58,6.34,5.23,6.07,4.42,5.99,4.35,4.06,5.01,4.75,5.44,4.7,5.73,4.17,3.06,3.39,4.69,5.29,5.15,4.89,4.16,5.01,5.08,3.68,4.92,3.84,4.25,4.71,3.24,3.88,3.85,4.33,4.98,4.0,3.8,3.72,3.61,4.52,4.84,5.36,3.05,5.23,3.51,1.55,1.63,2.46,1.51,1.53,1.87,2.07,2.38,2.37,1.51,1.47,1.99,1.51,1.6,1.62,1.49,2.32,2.05,1.51,1.51,2.3,1.81,2.36,1.86,1.95,2.34,1.71,1.74,1.78,2.04
31278a82710e40419a43ede11580ec08,Nottingham Forest,Tottenham Hotspur,2024-10-20T15:00:00Z,4.46,4.68,4.2,4.17,5.55,5.25,5.86,6.09,5.79,4.64,5.2,6.04,4.1,6.01,5.69,6.29,4.89,4.47,6.16,4.82,4.21,4.24,6.4,4.98,5.47,6.5,4.66,5.12,4.03,5.14,3.94,3.66,4.98,4.81,5.04,4.54,4.16,5.17,4.64,5.21,3.4,4.73,5.14,3.37,5.15,4.48,4.44,3.62,4.12,5.2,5.28,3.7,3.18,5.33,4.63,5.06,4.53,3.16,4.7,4.75,1.58,2.14,2.35,2.23,2.36,2.12,1.63,1.56,1.5,2.41,1.64,2.46,2.24,1.74,1.46,1.57,2.37,1.96,1.87,1.98,1.41,2.32,2.17,2.4,2.16,2.47,1.41,1.72,1.5,1.83
370644f8a66040f5b755b338e00b3938,Arsenal,Crystal Palace,2024-10-20T15:00:00Z,5.67,5.09,4.95,4.08,5.53,4.08,4.26,6.45,4.46,4.67,4.99,4.97,4.94,5.37,5.67,5.72,5.55,5.68,5.69,4.58,6.49,4.42,6.32,4.03,4.27,5.93,6.21,4.31,5.66,4.36,5.08,4.59,4.36,3.3,4.57,3.5,4.78,4.47,5.29,3.98,3.03,3.91,3.61,5.47,3.78,3.19,4.61,4.72,3.64,4.56,4.86,4.63,4.48,3.87,3.22,3.83,3.71,5.06,4.18,5.2,1.77,2.01,1.94,2.49,1.85,1.6,2.25,1.55,1.69,2.46,2.1,2.37,2.2,2.16,2.41,2.46,1.56,1.73,1.48,2.34,1.58,2.17,2.03,1.53,2.07,1.72,2.16,2.31,1.84,1.95
375f0af766db48b2bce56d41521d012f,Wolverhampton Wanderers,Sheffield United,2024-10-20T15:00:00Z,5.75,5.31,5.07,4.97,4.75,4.27,6.37,5.53,5.55,5.69,4.47,6.1,6.38,4.51,4.31,5.9,6.28,4.88,4.9,4.19,4.91,4.91,5.93,5.72,4.49,5.95,6.29,4.03,5.7,4.31,3.51,4.85,4.84,3.57,3.19,4.82,3.57,3.39,4.64,4.49,5.1,4.47,4.1,3.93,4.64,5.04,3.17,3.53,3.49,4.88,3.77,4.14,4.14,4.55,3.12,4.27,3.39,4.68,4.63,5.42,1.81,2.24,2.44,2.27,2.26,2.44,1.64,2.49,2.41,1.77,2.25,2.36,2.2,1.97,1.46,1.91,2.13,1.73,1.87,1.58,2.37,1.49,2.39,1.47,1.82,1.58,2.38,2.41,2.39,1.81
3893f54a8eb94127b9e913a2e2ddde7f,Chelsea,Brentford,2024-10-20T15:00:00Z,6.3,4.6,5.15,4.36,5.36,5.86,4.49,6.43,5.62,6.42,5.63,5.56,4.6,6.08,4.05,5.76,4.87,6.28,4.65,4.97,4.16,5.96,5.58,5.13,5.08,5.12,4.5,4.68,4.68,5.45,4.67,4.29,4.42,4.17,4.05,3.36,3.66,3.56,5.26,5.24,3.21,4.86,3.09,4.35,5.34,4.9,5.31,4.28,3.83,3.28,5.21,4.52,5.32,4.11,4.54,4.49,5.17,3.74,3.55,3.1,1.92,1.66,1.64,2.47,1.86,2.0,2.41,2.07,2.04,1.44,2.22,2.16,1.73,2.03,2.0,1.49,1.71,1.43,1.52,1.62,2.34,1.88,2.28,2.46,2.04,1.62,1.57,1.73,2.04,2.07
39e43508aa4b4ec4b4fbc328ac69fe29,Chelsea,Manchester City,2024-10-20T15:00:00Z,6.43,6.31,4.39,4.67,5.85,6.42,4.72,4.68,4.6,4.94,5.54,4.78,5.04,4.39,6.06,5.88,4.98,4.84,5.75,5.62,4.69,4.09,4.34,6.41,4.74,4.61,4.61,4.42,5.32,6.23,3.97,3.47,4.18,3.54,3.8,3.49,3.75,3.14,4.61,3.1,3.67,4.6,3.24,5.39,4.74,3.44,3.05,4.16,4.33,5.06,4.48,3.51,3.84,3.01,3.31,5.31,4.45,4.94,4.0,3.19,2.22,2.11,1.92,1.74,1.99,1.8,2.29,2.48,1.64,1.47,2.17,2.14,1.83,1.86,1.66,2.19,2.47,2.46,2.19,1.88,2.32,1.63,1.65,2.12,2.21,2.16,1.62,1.64,1.97,2.35
3c8812da92774e4f956f1f16b879b643,Nottingham Forest,Aston Villa,2024-10-20T15:00:00Z,5.28,4.02,6.36,4.62,5.95,5.28,6.29,4.72,4.69,4.07,5.63,5.51,6.44,5.52,6.44,6.4,5.06,5.76,5.37,5.69,4.21,6.26,4.58,5.27,4.54,5.86,4.73,4.65,4.77,4.27,5.49,5.33,3.35,4.83,4.77,3.13,4.01,4.1,4.09,3.48,3.69,5.38,3.14,3.67,4.09,3.99,3.96,4.03,4.84,3.5,3.58,3.22,4.9,4.86,4.43,4.45,3.51,4.46,4.75,4.42,1.82,2.06,2.16,2.23,1.43,1.88,1.67,2.0,1.95,1.42,2.45,1.55,2.49,1.55,1.68,2.4,1.66,2.27,2.45,2.33,2.07,1.52,1.7,1.64,1.65,2.48,1.76,1.63,2.17,1.94
3d2cdca6ca694adc8fc52d7f9cad8832,Aston Villa,Sheffield United,2024-10-20T15:00:00Z,5.74,5.24,4.18,5.91,5.98,6.45,4.58,4.99,4.04,4.67,4.3,4.68,4.19,4.17,5.7,4.19,6.19,5.4,5.13,6.01,5.12,4.25,6.24,5.56,6.47,5.06,4.52,4.56,4.19,4.6,4.02,4.86,3.64,4.8,3.34,3.68,4.8,4.42,3.89,3.35,5.28,5.33,5.41,4.01,4.12,5.05,3.99,4.52,4.43,5.16,4.26,3.12,5.36,4.88,4.34,4.64,4.06,3.98,5.29,5.47,2.29,1.94,1.51,2.04,2.23,2.44,2.4,1.71,2.25,2.44,1.7,2.33,1.53,1.59,2.41,2.47,1.84,1.88,2.25,1.59,2.49,1.99,2.28,1.51,2.02,2.17,2.35,2.22,1.97,1.42
40d21ca6672a4f8da534beff69388cfe,Everton,Arsenal,2024-10-20T15:00:00Z,6.02,6.04,4.01,5.42,5.07,5.92,4.87,6.17,6.26,4.61,4.62,5.93,4.98,6.47,4.07,6.29,5.26,4.17,4.76,5.76,4.82,4.85,6.18,5.02,4.08,5.4,5.22,4.06,5.34,6.27,3.66,5.17,5.07,5.42,3.7,4.44,3.96,3.56,3.06,5.24,3.72,4.94,3.57,3.26,5.0,3.11,3.53,5.45,4.32,5.3,4.63,3.17,3.12,4.79,3.62,4.37,5.27,3.71,5.19,4.96,2.11,2.17,1.93,2.0,1.67,1.65,2.42,1.65,1.92,1.89,1.54,1.95,1.84,1.41,1.7,1.61,2.09,1.72,1.53,1.94,2.22,2.02,2.25,2.13,2.46,2.33,2.1,1.62,1.87,1.82
4103fe10dc7d21ffe77840763a7e1437,Nottingham Forest,Crystal Palace,2024-10-21T19:00:00Z,3.32,3.0,3.12,3.18,2.88,3.45,,3.15,3.0,3.25,3.1,3.15,3.1,3.3,3.1,3.1,3.05,3.0,2.95,3.26,3.1,3.02,3.05,3.38,3.1,3.5,3.2,3.1500000000000004,2.95,3.25,3.42,3.4,3.2,3.28,3.15,3.45,,3.4,3.2,3.1,3.3,3.33,3.2,3.1,3.3,3.2,3.25,3.2,3.15,3.35,3.3,3.3,3.3,3.22,3.2,3.29,3.3,3.325,3.15,3.3,2.31,2.3,2.25,2.32,2.15,2.44,,2.38,2.3,2.2,2.35,2.36,2.37,2.25,2.35,2.37,2.3,2.28,2.25,2.27,2.35,2.24,2.35,2.31,2.3,2.38,2.25,2.375,2.25,2.3
4475b1b24b8a4863a27b6f379a412678,Luton Town,Brighton & Hove Albion,2024-10-20T15:00:00Z,5.68,5.26,4.49,4.49,6.17,4.13,5.17,5.52,5.06,5.98,6.12,5.44,5.02,5.65,5.37,4.66,5.03,4.69,6.13,4.19,4.2,4.6,4.51,5.44,4.48,6.37,6.24,5.38,6.34,5.25,4.97,5.22,3.36,5.25,4.69,5.24,3.58,5.3,3.21,3.45,4.95,5.14,4.45,4.73,5.42,3.15,3.57,4.6,3.21,4.34,5.45,5.32,3.05,3.85,3.58,4.07,4.08,4.6,4.53,4.24,1.84,2.4,2.15,1.89,1.65,2.5,1.57,2.21,2.38,2.4,2.29,1.46,1.43,1.81,1.48,1.54,1.48,1.48,2.28,1.43,2.12,1.55,2.27,1.87,1.75,2.39,1.81,2.46,2.12,2.11
45cc0fbba5cc4225b6ae778290ab5ac5,Crystal Palace,Chelsea,2024-10-20T15:00:00Z,4.54,5.19,5.0,4.4,4.23,4.59,4.18,4.44,4.35,5.05,4.29,4.87,5.72,6.38,4.5,4.37,4.14,5.02,4.71,5.48,5.93,5.34,4.34,5.03,4.78,4.48,4.31,5.99,4.07,5.4,4.7,4.89,3.77,4.96,3.91,3.34,4.38,3.5,5.41,4.12,5.48,3.2,3.76,3.01,4.99,3.41,3.68,4.59,4.21,4.29,4.15,4.18,4.12,4.53,3.85,5.08,3.08,4.39,3.79,3.66,1.53,2.18,2.25,1.66,1.54,2.15,1.81,2.11,1.54,2.36,2.42,2.11,1.56,2.25,1.69,2.36,2.4,1.91,1.45,2.26,1.43,2.0,1.4,1.91,1.68,2.23,2.5,1.87,1.46,1.98
45d134d1e7d64235934ae491cf841427,Brentford,Chelsea,2024-10-20T15:00:00Z,6.18,5.64,4.25,5.05,5.96,6.14,4.64,6.29,6.38,5.21,6.33,5.01,4.39,5.54,4.28,4.39,4.95,4.69,5.35,4.41,4.88,5.38,5.9,5.25,4.22,4.88,6.03,4.12,4.9,5.62,4.41,4.5,4.93,3.22,3.97,4.17,3.06,5.35,3.08,5.35,5.1,4.83,4.37,5.24,3.88,4.19,4.67,4.26,3.27,4.85,3.3,3.43,3.44,4.68,4.08,4.87,5.1,3.69,3.99,5.0,1.69,2.43,1.83,2.08,1.94,2.37,2.01,2.17,2.13,1.86,1.52,1.53,2.1,2.46,2.0,1.71,2.26,1.85,1.46,1.51,2.38,1.4,1.48,2.16,1.74,2.33,1.62,1.63,1.86,1.63
464dbaa173a746f2999a377664eb4e3e,Manchester United,Burnley,2024-10-20T15:00:00Z,4.26,5.31,5.04,4.51,5.14,4.99,5.75,4.76,4.59,5.27,4.65,4.89,5.73,5.23,4.54,4.31,5.61,5.61,4.73,5.99,4.55,5.08,6.35,4.27,6.27,5.67,4.18,6.0,4.99,6.2,3.03,4.31,4.32,4.13,5.37,3.36,3.47,4.4,4.5,4.02,4.51,5.08,3.56,3.31,4.05,5.14,3.92,3.17,5.28,3.03,4.16,3.22,5.16,5.3,5.45,5.04,4.12,4.34,5.28,4.41,1.75,1.78,1.83,2.26,1.68,2.5,2.26,2.34,1.68,2.3,1.5,1.84,2.04,2.0,1.84,1.63,1.8,2.01,1.42,1.42,2.07,2.24,1.69,1.42,2.41,1.93,2.4,1.71,1.81,2.16
480395dccb124c2597f59593f0e28ef3,Nottingham Forest,Brighton & Hove Albion,2024-10-20T15:00:00Z,5.02,4.69,6.19,4.94,4.87,4.56,6.29,4.13,6.25,4.94,5.38,4.93,5.77,4.37,6.2,5.31,6.36,6.24,5.71,4.12,4.61,4.24,5.11,5.48,5.81,4.71,4.35,6.1,4.63,4.34,4.77,5.34,5.46,3.6,3.69,4.8,3.03,3.63,4.37,4.35,4.29,3.9,4.89,4.64,4.88,4.1,4.66,4.85,3.14,4.94,4.36,4.9,5.5,4.19,3.29,5.18,4.75,5.42,4.57,3.72,1.97,1.46,2.32,1.79,1.96,1.57,2.4,2.09,2.11,1.53,1.56,2.11,1.63,2.08,1.9,2.05,1.67,1.57,2.43,1.62,2.14,2.17,1.45,1.64,1.55,2.01,1.54,1.48,1.61,1.53
48a33eaf892747f2991676dbca057ac3,Brighton & Hove Albion,Liverpool,2024-10-20T15:00:00Z,5.06,5.34,5.57,6.41,4.8,4.33,6.21,4.12,5.81,5.24,5.04,6.17,5.89,4.29,5.78,4.1,4.97,5.72,6.15,6.02,6.02,5.3,4.26,5.04,5.56,4.78,5.09,4.97,5.98,4.48,4.23,4.21,3.11,4.68,4.19,5.48,3.12,3.92,3.53,4.19,3.77,3.83,4.9,5.16,4.81,3.75,5.01,3.36,3.25,5.31,5.39,5.06,3.4,4.12,3.45,5.18,3.76,3.02,4.71,4.72,2.27,1.88,1.53,1.92,1.55,2.34,1.74,2.04,2.02,2.13,1.5,2.23,1.69,1.96,1.73,2.49,2.45,2.5,1.86,2.17,1.97,2.27,2.05,1.75,1.51,2.31,1.72,1.9,2.16,2.05
49e5c54aeac24dd08fa37aefe59de36f,Luton Town,Burnley,2024-10-20T15:00:00Z,6.17,5.02,6.46,4.38,4.34,5.34,5.72,4.46,5.15,6.33,5.29,5.81,4.02,6.25,5.09,5.11,5.87,4.11,4.24,6.35,6.32,5.24,4.3,5.97,6.27,4.9,4.82,5.75,4.45,4.84,4.87,3.08,3.49,4.14,4.63,4.56,3.73,4.18,4.18,4.43,5.37,5.29,3.86,4.51,3.52,4.71,3.08,5.32,4.89,4.44,4.59,4.8,3.78,5.2,3.64,3.88,4.44,3.47,3.55,4.57,1.58,1.93,1.45,1.8,2.39,2.46,1.98,1.6,1.71,1.49,1.61,2.44,2.26,1.89,2.39,2.49,2.2,2.38,1.44,1.55,2.21,2.03,1.65,1.89,1.67,2.15,1.96,2.0,2.48,1.58
4b639036888846399c52bc1de5a43ca1,Brentford,Luton Town,2024-10-20T15:00:00Z,5.19,5.47,5.73,6.11,5.03,4.73,5.66,4.72,5.9,4.1,6.14,4.88,4.46,5.02,6.08,6.36,5.33,4.53,5.92,4.34,5.92,5.21,4.21,6.1,4.01,5.0,6.45,5.31,4.51,5.52,5.34,3.43,4.63,3.47,5.23,5.17,4.28,3.43,3.1,4.62,5.4,4.92,4.29,3.48,3.89,4.79,4.97,3.79,5.38,3.18,3.4,5.21,4.25,3.55,3.98,3.69,5.13,5.12,4.89,3.98,1.89,1.96,2.31,2.33,1.95,2.08,1.46,1.65,2.25,1.78,2.48,2.28,2.07,1.74,1.95,1.96,2.04,2.37,1.66,2.45,1.74,1.93,1.48,1.81,2.0,1.71,2.19,2.39,1.77,2.48
4d2fa5d3ba2144f29421263e0ec97c73,Fulham,Manchester City,2024-10-20T15:00:00Z,6.09,4.57,5.13,5.15,5.34,4.17,6.36,6.02,6.46,5.74,5.64,5.95,5.01,4.7,4.13,4.26,5.86,5.61,4.45,5.9,4.81,5.41,4.89,6.4,6.19,5.6,5.83,4.36,6.06,5.25,3.25,5.33,4.03,5.09,3.51,4.95,3.88,3.0,4.78,3.19,4.89,5.13,3.23,3.91,4.63,4.35,3.25,3.15,5.09,5.0,3.92,4.81,3.53,3.63,3.06,4.46,3.43,4.52,3.24,4.93,1.89,2.44,1.86,2.13,2.18,1.46,2.14,1.42,1.69,1.53,1.6,2.05,1.89,1.67,1.65,2.5,2.23,1.42,2.0,2.49,1.41,1.47,1.92,1.91,1.88,1.64,1.86,2.41,1.62,1.96
4eb07d12ade44c6789461a77e3770ec1,Liverpool,Brighton & Hove Albion,2024-10-20T15:00:00Z,5.69,4.46,5.7,4.7,5.58,4.33,6.28,5.79,6.11,4.95,5.6,4.17,5.58,6.39,4.73,4.07,4.78,5.66,6.08,4.19,4.44,6.04,4.75,5.49,4.28,5.48,4.43,6.06,6.15,5.32,4.7,3.2,3.97,3.78,3.69,3.56,4.52,3.06,4.16,3.39,3.73,4.62,3.0,4.37,3.52,5.03,5.47,3.82,3.39,3.95,5.0,3.68,4.38,4.46,4.41,3.94,5.14,4.07,5.11,4.0,1.49,2.37,2.09,2.47,2.12,1.58,2.41,2.48,2.26,1.55,1.66,1.96,2.39,1.97,2.34,1.67,2.18,1.68,1.88,2.09,1.77,2.3,1.71,2.19,2.31,2.49,2.36,2.39,2.46,1.76
50d3093bfeb54e2bb245e77ab48f65ab,Brentford,Newcastle United,2024-10-20T15:00:00Z,4.54,5.53,4.78,4.97,4.25,5.11,4.15,4.09,4.95,5.96,6.01,5.31,6.0,5.41,5.67,4.29,6.27,4.82,5.81,5.99,5.41,5.29,5.91,6.29,4.66,6.32,4.73,5.03,6.49,4.91,5.47,3.92,5.11,3.02,4.96,5.15,4.05,5.22,4.6,4.07,3.68,3.26,4.13,3.04,3.48,4.33,4.28,5.4,3.19,4.55,4.26,3.12,5.48,5.2,5.01,3.34,4.8,5.15,3.95,5.25,1.63,1.88,2.41,1.62,1.79,2.39,1.49,1.8,1.82,2.12,2.33,2.08,2.09,1.44,1.68,2.14,2.48,1.88,1.85,1.46,1.53,1.96,2.03,2.15,1.72,1.48,2.45,1.91,2.31,1.84
5101d14a9c7944009c0c2e0a8b859f73,West Ham United,Chelsea,2024-10-20T15:00:00Z,5.45,5.77,4.97,5.87,5.8,6.42,4.87,5.09,4.05,4.94,5.33,4.9,5.12,4.49,4.73,6.26,5.97,5.8,4.66,4.9,4.37,4.23,5.38,5.6,4.29,4.27,5.12,5.32,4.1,4.21,5.14,4.7,3.38,4.81,4.46,4.53,3.21,4.65,5.08,5.2,4.18,4.7,3.03,3.93,3.8,4.88,5.14,4.59,3.59,3.03,3.28,5.33,5.2,4.0,5.36,4.25,5.36,3.82,3.82,5.43,2.42,2.12,1.89,1.53,1.87,1.83,1.73,2.25,1.47,1.43,2.16,1.49,2.27,2.26,1.92,1.52,2.18,1.47,1.88,1.69,1.52,1.94,1.98,1.47,2.09,2.4,1.99,2.34,1.99,1.93
534b190b37bc418aaa82dca80bf051aa,Luton Town,Aston Villa,2024-10-20T15:00:00Z,4.87,4.08,5.66,4.92,5.57,6.36,4.85,5.02,4.76,4.72,5.28,5.6,6.44,4.24,6.43,4.64,4.79,5.14,4.34,4.81,5.25,6.21,4.95,4.83,6.01,4.65,4.56,5.68,4.29,5.83,3.98,5.03,4.84,3.29,5.13,4.96,3.72,5.34,3.7,4.36,5.05,4.7,3.56,4.51,4.57,4.47,5.31,5.18,4.51,3.8,5.45,4.73,4.35,3.57,4.53,3.74,3.87,4.54,4.87,5.4,1.9,1.58,1.6,1.7,2.12,2.0,1.78,1.66,1.48,1.99,1.98,1.83,1.64,1.43,1.82,1.66,2.08,1.99,1.9,1.63,1.43,2.32,1.67,2.28,1.83,1.64,1.98,1.84,2.11,2.02
53b1eb152e524783811e3ab17ae2aa78,Newcastle United,Aston Villa,2024-10-20T15:00:00Z,5.69,4.02,4.67,5.04,4.16,4.83,4.99,5.95,4.72,4.17,5.67,5.52,6.37,4.3,4.92,4.8,5.41,4.69,5.81,4.59,4.61,5.62,4.99,5.33,5.28,5.4,4.52,4.34,4.52,6.44,3.79,3.19,5.28,3.48,3.17,5.15,4.0,3.56,5.46,3.88,3.28,5.03,4.5,4.68,5.25,4.44,4.31,5.26,3.8,3.46,3.85,5.39,3.41,3.86,5.24,4.45,5.44,4.41,4.14,4.96,1.55,2.23,1.87,2.36,2.07,2.14,1.73,1.5,2.11,2.4,1.63,2.13,1.59,1.79,2.24,1.72,1.51,1.84,1.69,1.88,1.54,2.38,2.3,2.03,1.64,2.42,2.34,1.57,2.36,2.43
53b2331ffc144520b703389f791084d6,Chelsea,Sheffield United,2024-10-20T15:00:00Z,4.31,6.21,4.74,4.44,4.62,6.03,6.46,5.13,5.14,4.04,5.38,4.24,4.86,6.17,4.64,6.01,5.78,4.3,5.37,5.53,4.25,5.42,5.38,4.44,6.42,5.3,6.03,4.2,6.42,5.02,5.23,5.16,5.24,4.73,3.81,5.42,3.61,3.11,3.22,5.47,3.98,4.69,3.81,5.1,3.03,4.23,3.48,3.01,3.76,3.82,4.61,4.53,3.09,3.12,4.21,3.97,4.12,4.4,4.86,5.29,1.63,1.98,2.49,1.88,1.64,1.53,2.06,2.47,2.43,1.85,1.42,2.46,2.0,2.23,1.52,2.09,1.58,1.81,2.28,1.68,2.38,2.36,1.61,1.75,2.34,1.93,2.46,1.5,1.67,1.41
57088f84741fcdb1b535d5d58bab1bb9,Everton,Fulham,2024-10-26T16:30:00Z,2.76,2.75,2.62,,2.52,2.66,,2.75,2.7,,2.6,,,,2.6,,2.55,2.5,2.48,2.71,2.6,2.68,2.7,,2.5,2.83,2.75,2.625,2.48,2.75,3.48,3.25,3.3,,3.07,1000.0,,3.4,3.2,,3.4,,,,3.4,,3.3,3.25,3.25,3.42,3.4,3.28,3.3,,3.25,3.53,3.2,3.425,3.25,3.4,2.66,2.6,2.55,,2.34,3.15,,2.68,2.5,,2.7,,,,2.7,,2.65,2.6,2.6,2.61,2.7,2.48,2.62,,2.7,2.67,2.6,2.725,2.6,2.6
58477ece39db422d81660f7ce8034896,Sheffield United,Tottenham Hotspur,2024-10-20T15:00:00Z,6.14,4.7,6.03,5.58,4.21,4.91,5.45,4.9,4.76,5.55,5.15,5.09,6.26,4.71,5.95,5.0,5.6,4.38,5.55,5.28,5.24,5.43,6.27,5.5,4.8,4.76,6.19,5.04,4.16,6.03,4.17,3.36,4.67,5.39,5.32,4.82,3.26,5.16,5.39,4.3,5.12,4.75,3.16,5.23,4.27,5.38,3.94,3.4,3.37,3.33,3.32,5.35,5.13,3.7,3.01,3.96,3.95,4.34,4.34,3.26,2.21,1.93,2.03,2.14,2.29,1.41,2.06,2.34,1.65,1.5,2.34,1.48,1.61,2.18,2.26,1.84,1.42,2.29,1.95,2.14,2.27,1.97,2.1,1.88,1.66,1.71,1.51,2.38,2.37,1.83
5c20bf7693c245adb64d0f8e70daad6f,Sheffield United,West Ham United,2024-10-20T15:00:00Z,4.94,5.99,4.51,6.09,5.51,5.93,5.8,6.07,4.72,5.48,4.53,4.87,5.99,4.33,4.71,5.34,4.91,4.75,6.09,4.38,6.34,4.18,5.82,6.22,5.5,4.56,5.97,6.09,4.74,4.07,4.16,3.88,3.34,4.23,3.4,3.6,4.03,3.11,3.15,5.35,4.94,4.34,3.99,3.74,4.63,3.97,5.47,4.36,5.13,5.09,4.58,3.85,5.2,5.11,3.96,4.7,3.36,4.02,4.96,4.53,2.37,1.87,1.64,1.6,1.43,2.23,1.91,1.84,2.22,1.85,1.99,1.52,1.63,2.26,1.52,2.14,1.61,2.08,2.32,1.97,2.29,1.75,1.9,1.6,1.9,1.57,1.77,1.82,2.47,2.14
5efd18561e8f405ba024641df2a4229c,Nottingham Forest,Aston Villa,2024-10-20T15:00:00Z,5.64,5.3,5.99,6.09,4.53,5.55,4.49,4.69,5.84,5.28,4.71,4.66,4.92,6.23,4.79,6.48,5.18,4.8,5.0,4.96,5.62,6.27,6.46,4.08,4.36,5.27,4.92,5.1,5.68,4.82,5.4,5.12,5.27,4.66,3.89,5.3,5.15,3.23,4.69,3.01,3.85,4.33,4.57,3.6,5.27,3.05,4.14,4.5,3.5,5.08,4.21,5.42,5.4,3.7,3.45,3.18,3.15,3.56,4.49,4.26,1.64,1.44,2.24,1.42,2.41,2.31,2.23,1.99,2.37,1.4,2.34,2.12,1.62,1.64,1.63,1.79,1.75,1.71,2.01,1.98,2.21,1.57,2.12,2.45,2.0,1.57,2.44,2.1,2.26,2.28
5f19ed18948b457bb751b19a3011cbee,Burnley,Brentford,2024-10-20T15:00:00Z,4.79,4.29,5.8,4.32,5.41,4.06,4.09,4.03,4.42,4.79,6.07,6.29,4.14,6.04,4.73,6.22,4.14,5.94,4.57,5.22,6.14,6.17,4.91,5.82,4.3,6.4,6.27,4.47,5.6,6.12,3.15,3.87,3.5,5.4,3.51,3.99,4.04,5.31,5.23,4.27,5.13,4.75,4.09,4.47,3.0,5.49,3.32,3.69,3.23,4.59,3.36,5.12,3.94,3.15,4.75,3.29,5.33,3.65,3.59,3.71,1.88,1.45,2.15,2.33,1.45,1.89,1.94,1.82,1.51,2.17,2.13,1.74,2.27,2.06,2.12,2.37,1.85,1.75,1.6,1.8,1.6,1.83,1.54,2.07,2.03,1.52,1.59,2.37,1.45,1.92
650e456c7d784744977c0f6f4f2d18e1,Fulham,Tottenham Hotspur,2024-10-20T15:00:00Z,4.34,5.33,5.04,5.44,4.66,6.2,4.54,6.11,6.25,4.94,5.76,4.61,5.71,4.89,4.86,6.2,6.44,6.43,4.24,5.05,5.04,5.98,5.09,5.35,5.43,5.54,4.96,4.96,5.05,5.19,5.14,5.13,4.94,3.55,5.23,3.91,4.2,3.7,5.44,3.23,5.37,3.44,4.61,4.13,4.9,3.99,4.74,5.11,4.69,3.92,4.97,4.52,4.47,3.75,5.33,3.15,3.42,4.57,5.39,3.6,2.14,2.3,1.52,2.35,2.49,2.31,2.35,2.25,1.65,1.82,1.88,2.11,1.41,2.43,1.6,2.45,1.71,2.33,1.68,1.45,2.43,1.72,1.69,2.06,1.88,2.2,2.21,2.02,1.61,2.22
66f9c1ab7c584ded9ef696cee5914b3f,Newcastle United,Aston Villa,2024-10-20T15:00:00Z,5.55,4.76,5.67,6.09,5.58,6.21,4.06,5.94,4.57,6.09,5.29,4.18,5.39,5.16,5.77,6.31,5.18,4.14,4.36,5.3,5.56,4.44,4.54,4.86,4.55,4.61,4.08,6.31,5.28,4.2,3.78,5.11,4.22,4.65,4.58,3.46,3.97,5.31,3.54,4.93,3.53,3.09,3.38,4.68,5.04,5.44,3.54,3.09,4.9,3.33,5.41,4.3,3.02,4.44,3.63,3.16,4.04,4.47,3.65,5.0,1.78,1.91,1.53,1.68,1.75,2.43,1.83,2.08,2.06,2.4,1.64,2.08,1.54,2.25,1.95,2.24,2.38,2.13,2.19,1.92,2.14,1.89,2.06,2.08,2.17,1.86,2.39,1.74,2.05,2.16
68bce59e24be5258b1b2df67a493a645,Newcastle United,Brighton and Hove Albion,2024-10-19T14:00:00Z,3.48,3.4,3.3,3.52,3.22,3.7,3.25,3.45,3.3,3.3,3.5,3.48,3.5,3.35,3.5,3.4,3.45,3.35,3.35,3.42,3.5,3.32,3.35,3.49,3.4,3.61,3.5,3.525,3.35,3.4,4.08,3.8,3.9,3.86,3.65,4.2,3.0,4.0,3.6,3.8,3.85,3.95,3.75,3.85,3.85,3.7,3.8,3.7,3.7,4.0,3.85,3.75,3.9,3.96,3.75,4.1,3.9,3.9,3.7,4.0,2.03,2.0,1.95,1.97,1.9,2.06,1.83,2.05,2.0,1.91,1.97,2.0,2.0,1.95,1.97,2.0,1.94,1.92,1.9,1.99,2.0,1.94,2.0,1.99,1.95,2.04,1.93,2.02,1.9,2.0
6d6004bd5aec428888922d816482de3d,Everton,Newcastle United,2024-10-20T15:00:00Z,5.42,4.11,5.6,4.02,4.28,5.77,5.48,4.45,4.09,4.85,5.31,5.81,5.85,5.58,5.95,5.45,6.3,4.99,4.89,6.42,6.32,6.32,4.89,6.15,6.04,4.49,4.11,5.98,5.51,4.35,3.54,4.66,4.99,3.5,3.61,3.65,3.7,3.7,3.08,4.64,4.54,3.94,3.77,3.51,4.0,5.39,3.46,3.82,3.71,3.16,5.02,4.04,3.71,3.13,4.1,3.03,3.86,5.27,3.35,5.44,2.34,2.28,1.66,2.32,2.02,1.67,1.84,1.87,1.97,1.58,1.64,2.06,2.34,1.63,2.17,2.27,2.4,1.56,2.41,1.96,2.13,1.46,1.49,2.24,1.48,2.11,1.6,1.51,2.35,1.71
6e1e8d49edb3464fa21f034383f28406,Chelsea,Everton,2024-10-20T15:00:00Z,4.8,5.04,4.37,4.5,6.3,5.24,5.01,4.92,4.59,4.15,5.71,4.56,5.68,6.5,4.48,6.17,5.85,4.73,4.2,6.45,6.33,4.67,5.83,4.43,5.54,5.85,6.04,6.16,4.38,5.39,4.69,5.44,5.05,5.03,5.11,4.01,4.9,4.02,3.34,3.09,3.7,3.9,3.2,4.52,3.2,5.17,3.08,5.37,3.29,4.19,4.02,3.57,5.3,4.58,4.43,4.88,3.3,4.81,4.9,4.64,2.04,2.1,1.57,1.99,2.45,2.01,1.85,2.25,1.89,1.6,1.84,2.26,2.32,1.83,1.53,1.72,1.9,2.46,1.57,2.12,2.24,1.75,2.09,1.99,1.9,1.77,2.14,1.94,2.48,2.08
6f9e017e4c3b401581f64c4787c7cc3e,Aston Villa,Arsenal,2024-10-20T15:00:00Z,4.83,4.43,4.25,4.51,5.73,4.28,4.1,5.11,4.48,5.1,5.67,4.19,6.06,5.67,4.49,5.44,4.36,5.91,5.48,5.57,4.81,4.67,4.14,6.25,6.49,4.66,5.18,5.11,6.22,4.96,3.5,3.47,4.41,4.45,5.06,5.08,4.58,4.81,5.04,3.35,5.34,4.53,5.15,5.07,3.44,3.46,5.27,3.72,3.67,4.7,4.19,4.73,3.85,5.05,3.22,3.71,5.46,3.68,3.04,4.47,2.17,2.31,1.5,1.52,1.87,2.35,1.99,1.91,2.05,1.58,1.66,1.71,1.86,2.0,1.44,1.98,1.7,1.46,2.24,2.48,2.42,2.49,1.78,1.52,2.02,1.44,1.68,1.69,1.54,1.45
723bfa2431644fca9e5259ec78eaae43,Luton Town,Manchester City,2024-10-20T15:00:00Z,6.09,4.1,4.94,4.59,4.77,5.78,4.15,4.8,4.76,5.14,6.15,4.03,5.15,4.52,5.53,6.29,4.58,4.95,6.0,5.2,5.47,6.07,5.5,5.21,5.15,4.46,5.54,6.08,4.46,5.98,3.33,3.96,3.67,3.17,5.03,3.79,3.42,3.08,3.92,3.25,4.79,3.15,3.29,3.12,4.79,5.02,3.21,3.12,4.76,4.65,4.58,3.22,5.29,4.28,3.61,3.9,4.2,5.11,4.53,3.18,1.53,1.85,1.92,1.91,2.47,2.12,1.91,2.37,1.66,1.79,2.22,2.18,2.22,1.78,2.48,1.88,2.33,2.07,2.22,2.41,2.02,2.24,1.53,1.44,2.0,1.67,2.3,1.83,1.91,2.27
73ac249460c24f95b4a5dcc8f1f6f59b,Sheffield United,Chelsea,2024-10-20T15:00:00Z,5.19,5.47,4.81,5.55,4.53,4.92,4.59,5.55,4.51,5.03,4.97,6.46,4.47,5.16,5.02,4.6,4.38,4.31,4.55,4.49,5.04,6.35,4.27,4.56,4.56,5.87,4.14,5.59,6.08,5.82,5.48,4.97,4.08,3.81,3.79,3.27,3.75,4.9,3.08,3.66,3.34,4.26,4.89,4.35,3.37,3.05,3.44,5.02,3.57,4.07,5.42,3.75,4.11,3.44,5.36,3.83,4.89,5.17,5.09,4.96,1.45,1.41,1.71,1.53,1.82,2.34,2.35,2.15,2.14,2.04,2.12,1.67,2.13,1.41,1.52,2.24,1.6,2.29,1.4,1.58,1.61,2.36,1.6,2.44,2.22,2.02,1.89,2.06,2.21,1.8
76b38bb91fc5478a9bb2714b7a3eb6fa,Arsenal,Everton,2024-10-20T15:00:00Z,6.34,6.23,6.35,4.3,5.84,4.17,4.67,6.25,4.64,4.59,5.27,4.57,6.5,5.75,4.24,6.14,5.93,5.14,5.22,4.55,6.48,4.46,5.33,4.55,5.34,5.75,5.24,5.82,4.19,4.46,4.93,5.19,3.62,4.77,3.59,4.02,4.89,5.07,4.34,4.89,3.27,4.42,3.66,3.27,3.56,5.09,4.2,5.39,4.2,4.03,4.67,4.99,5.15,4.2,3.9,3.56,4.18,5.2,4.34,3.21,2.06,2.35,1.86,2.1,1.55,2.21,2.29,2.27,1.52,1.81,1.81,1.87,2.21,2.42,1.66,1.48,1.56,1.83,2.37,1.42,2.44,2.31,1.95,1.52,1.9,1.63,1.96,1.51,1.91,1.65
791f7fcb370844eb9ef9974454b5cc30,Liverpool,Brentford,2024-10-20T15:00:00Z,4.68,6.38,4.52,5.73,4.06,4.29,6.0,5.4,5.77,5.58,6.18,6.23,4.17,4.94,6.47,5.91,4.22,5.22,5.94,5.02,5.95,4.42,6.46,4.19,5.54,5.07,4.4,5.53,4.34,5.99,4.2,5.07,3.92,4.02,4.55,3.99,3.67,4.62,3.44,5.05,4.82,3.44,4.84,5.18,5.09,5.26,5.04,3.3,3.28,4.53,4.65,3.72,3.8,3.12,4.09,3.07,5.05,3.04,3.33,3.35,1.49,1.78,1.98,2.11,1.5,2.16,2.33,2.44,1.65,2.02,1.81,1.79,1.77,2.32,1.59,2.33,2.42,1.74,2.06,2.46,2.43,2.29,1.71,1.96,1.94,2.14,1.95,2.36,1.93,1.72
795c809093a64df5a94301e57e087fe8,West Ham United,Nottingham Forest,2024-10-20T15:00:00Z,5.43,4.72,4.05,5.54,4.57,4.8,4.85,4.77,4.01,6.15,6.21,6.37,6.43,4.36,6.13,4.63,4.87,4.23,4.37,6.33,5.13,5.57,5.07,5.9,5.61,6.09,4.4,6.36,6.48,5.09,4.0,5.26,4.71,3.8,3.59,3.67,3.15,4.73,3.55,4.36,4.62,3.56,3.06,3.4,4.32,4.93,3.45,3.48,3.0,4.76,3.9,3.23,3.35,5.48,5.39,4.23,5.4,4.93,4.47,3.05,1.6,1.49,1.92,2.45,1.85,1.87,1.63,1.55,1.6,1.54,2.13,1.99,1.9,2.03,2.25,1.47,2.05,2.46,2.08,2.33,1.65,1.62,2.3,1.46,1.51,1.46,2.3,2.4,2.26,1.47
7c2c9237786e46d5bd90ca9b356044ca,Chelsea,West Ham United,2024-10-20T15:00:00Z,4.73,5.86,6.4,5.14,4.83,6.24,4.9,4.46,4.15,6.29,6.15,4.38,4.23,4.09,5.91,6.2,4.62,4.84,5.32,6.47,5.37,5.73,4.46,5.89,5.12,5.1,5.97,6.0,5.18,4.41,4.59,4.98,3.61,4.79,4.43,3.71,4.53,3.88,3.56,4.64,4.05,4.14,3.51,5.12,4.1,4.92,4.64,4.81,4.18,3.92,4.78,5.24,4.69,3.83,4.08,4.9,3.77,4.77,3.18,5.22,2.13,2.18,1.76,2.23,1.64,2.33,2.17,2.49,1.87,2.33,1.77,2.18,1.9,2.35,2.22,2.02,1.86,1.53,2.31,1.67,1.69,1.92,2.31,1.53,2.3,1.47,2.08,2.34,2.16,1.91
7d501c4ea466411eae598d7da4267695,Nottingham Forest,Luton Town,2024-10-20T15:00:00Z,4.81,6.36,5.58,5.58,5.82,5.98,5.76,6.1,4.78,6.07,6.13,4.3,5.57,4.9,5.09,5.84,6.27,5.27,5.35,4.79,6.48,4.04,5.54,4.58,4.01,4.79,5.34,4.96,6.38,4.46,4.88,5.49,4.3,4.54,4.67,3.22,4.95,5.11,3.54,4.45,5.05,5.4,5.44,3.03,4.55,4.53,4.78,3.89,5.02,3.28,3.71,4.36,5.0,4.99,3.07,3.8,3.47,5.26,3.17,3.02,1.71,1.75,2.42,2.18,1.71,2.31,2.4,1.92,2.29,1.89,1.52,1.92,1.96,2.1,2.42,2.19,1.7,1.77,1.44,1.95,2.0,2.39,1.55,2.15,2.34,1.61,1.86,2.49,1.96,1.68
81a4d62540574cd794a55285e9d4e068,Brentford,Luton Town,2024-10-20T15:00:00Z,6.47,5.66,5.65,4.64,4.15,4.37,4.6,5.04,4.09,5.93,4.9,6.23,5.32,4.39,5.4,5.67,4.98,5.6,5.72,4.38,4.95,5.33,5.04,5.37,5.45,4.41,6.2,5.52,5.95,5.39,3.19,5.07,3.52,5.43,5.4,3.67,4.68,4.38,3.08,4.66,5.49,5.41,4.01,5.45,5.19,3.52,5.02,3.32,5.19,3.35,3.58,4.68,5.1,4.19,4.83,4.28,5.27,4.79,3.97,4.48,2.2,1.86,1.83,2.32,2.2,2.28,1.47,1.9,2.26,1.71,1.73,1.72,1.81,2.06,1.75,1.98,2.43,2.28,2.05,2.1,1.62,1.45,2.49,1.9,1.96,2.37,2.19,1.72,2.06,1.47
881aed08881b4c9ea76d15df49af84c9,Manchester City,Arsenal,2024-10-20T15:00:00Z,5.67,4.01,4.99,4.8,4.43,6.13,5.39,5.25,5.99,5.8,5.1,4.26,4.57,4.19,4.87,4.74,6.12,4.78,4.88,5.35,4.52,4.45,5.44,4.85,6.01,4.98,6.22,6.32,4.4,5.02,3.26,5.3,4.8,3.53,5.47,5.24,4.33,3.04,3.74,4.35,3.41,3.57,3.76,5.03,3.14,3.43,4.45,4.5,4.64,3.41,4.51,4.67,4.96,5.34,4.4,3.78,3.08,3.04,3.08,5.15,1.67,2.48,1.86,1.59,1.61,2.24,1.5,2.27,1.89,1.95,2.42,1.77,1.59,1.43,2.18,2.38,2.31,2.07,1.83,2.46,1.85,2.38,2.12,1.68,2.03,1.47,1.86,2.18,1.88,1.89
884831a9a65c77daa2eb8adaaf5c357e,Bournemouth,Arsenal,2024-10-19T16:30:00Z,1.68,1.61,1.6,1.65,1.56,1.72,1.57,1.65,1.61,1.62,1.63,1.62,1.6,1.62,1.63,1.6,1.6,1.58,1.56,1.65,1.64,1.59,1.6,1.66,1.57,1.7,1.62,1.6549999999999998,1.56,1.6,4.28,4.33,4.0,4.1,3.88,4.5,3.25,4.35,4.0,4.0,4.2,4.25,4.2,4.0,4.2,4.2,4.1,4.1,4.0,4.2,4.25,4.0,4.25,4.13,4.2,4.33,4.2,4.275,4.0,4.2,5.09,5.0,5.0,5.0,4.7,5.5,4.33,5.3,4.75,4.75,4.9,5.3,5.0,4.75,4.9,5.0,4.9,4.8,4.75,5.0,5.0,4.9,5.15,5.0,5.0,5.3,4.9,5.05,4.75,5.5
8944a92c488c4b56b9ddb8b3d003ec3f,Tottenham Hotspur,Aston Villa,2024-10-20T15:00:00Z,4.86,5.06,5.9,6.11,4.71,5.29,4.22,5.75,5.59,6.22,6.03,5.94,5.45,6.03,4.95,5.75,4.16,4.38,5.75,4.4,6.12,4.73,5.82,5.26,5.21,4.94,5.81,5.8,5.72,6.25,3.35,3.99,4.28,4.36,5.1,4.4,3.61,4.07,3.78,4.34,3.86,4.55,3.41,3.72,5.4,4.08,4.37,4.76,3.51,3.97,5.35,4.77,3.26,3.86,5.06,5.01,3.92,3.28,3.5,3.64,2.22,1.98,1.76,2.19,2.24,1.54,1.5,1.76,2.44,2.24,1.65,1.95,1.9,1.55,1.56,1.83,1.62,1.56,2.47,2.14,1.97,1.88,2.31,1.73,1.79,2.41,2.37,1.59,1.5,2.19
899c96a6ad9d42c1a359fe272cabf058,Arsenal,Burnley,2024-10-20T15:00:00Z,5.15,4.98,5.81,6.25,5.94,5.11,6.03,5.3,4.34,6.09,5.27,5.29,4.36,4.17,5.14,4.62,5.81,4.16,5.96,5.72,6.45,6.31,5.67,6.44,4.01,6.03,4.77,4.71,4.95,6.02,3.34,3.67,3.48,4.34,4.78,5.31,3.41,3.67,5.26,4.79,4.75,4.82,3.74,5.32,3.16,3.15,4.23,3.77,3.93,5.29,4.26,3.07,3.68,4.39,3.9,5.49,3.3,3.2,4.61,5.27,2.48,1.7,1.62,2.45,1.66,2.4,2.48,1.94,2.3,2.42,1.71,1.56,1.72,2.34,1.86,2.16,1.91,2.05,1.92,2.36,1.76,1.62,1.9,2.21,1.9,1.7,1.68,2.46,2.0,2.11
8b8c2bbc34a649e28bdd73d70e8491e1,Fulham,Liverpool,2024-10-20T15:00:00Z,5.73,6.31,4.42,4.77,5.6,5.19,4.45,4.21,5.73,4.54,6.2,5.44,5.35,4.18,4.96,6.32,5.86,4.46,6.4,5.05,5.96,4.94,6.14,4.05,5.09,4.91,6.06,4.87,4.68,6.16,5.19,3.32,3.61,4.33,4.08,3.81,3.76,3.12,5.43,3.49,3.62,4.48,3.95,3.58,5.18,5.03,5.35,3.05,3.94,3.04,4.61,4.49,4.87,3.19,3.92,5.02,3.84,3.57,4.44,4.34,1.56,2.2,1.66,2.13,2.17,2.37,1.58,1.88,1.62,1.76,1.49,1.64,2.16,2.42,1.61,1.91,1.7,1.97,1.67,2.32,1.73,2.24,2.19,1.64,2.26,1.67,1.8,2.03,2.2,2.31
8ce9b5592cdbaeb5ff968d9ddba9ef82,Ipswich Town,Everton,2024-10-19T14:00:00Z,2.98,2.88,2.88,2.9,2.83,3.2,2.7,2.92,2.8,2.88,2.95,2.95,2.9,2.9,2.95,2.87,2.9,2.88,,2.92,3.0,2.91,2.88,2.98,2.8,3.06,2.95,3.025,2.85,2.9,3.61,3.4,3.4,3.48,3.22,3.55,2.8,3.5,3.3,3.3,3.35,3.45,3.4,3.35,3.35,3.4,3.3,3.25,,3.54,3.35,3.32,3.4,3.44,3.4,3.56,3.3,3.4000000000000004,3.2,3.5,2.42,2.38,2.3,2.39,2.25,2.5,2.2,2.48,2.38,2.3,2.4,2.42,2.4,2.35,2.4,2.37,2.35,2.32,,2.38,2.4,2.3,2.42,2.43,2.38,2.49,2.4,2.425,2.28,2.4
8fffe37e6a3940e1956bd620157bc670,Sheffield United,Fulham,2024-10-20T15:00:00Z,4.82,4.22,5.68,4.04,4.93,4.01,5.33,5.9,4.67,4.97,6.13,6.34,5.68,5.72,4.46,4.65,5.73,4.74,6.37,5.78,4.34,5.82,5.74,6.5,5.85,4.08,4.62,4.72,4.59,6.2,4.64,5.31,4.54,5.41,3.02,4.25,4.25,3.8,5.02,5.0,4.49,4.51,4.51,4.68,5.26,3.77,3.8,4.44,4.46,4.08,4.88,5.11,5.04,4.6,4.53,3.69,3.67,4.05,5.07,3.03,2.42,1.57,2.02,1.95,1.91,2.14,1.43,1.95,2.01,1.55,2.21,1.54,1.48,2.49,1.91,1.85,1.55,2.23,2.4,1.43,1.7,2.06,1.41,2.17,1.57,1.91,1.72,2.1,2.37,1.71
90de0e17b2b24387ac3af2f06f013057,Crystal Palace,Tottenham Hotspur,2024-10-20T15:00:00Z,4.16,5.42,4.07,5.95,5.57,6.3,5.99,4.94,6.48,6.1,4.79,4.03,5.84,4.06,5.92,5.77,4.09,4.22,6.24,4.61,5.02,5.33,6.04,6.01,5.6,4.16,6.2,5.34,6.2,5.56,4.78,3.56,3.15,5.27,3.66,5.25,3.38,5.46,4.51,3.4,3.57,4.21,5.07,4.76,5.48,5.34,3.3,4.11,4.23,4.85,3.57,3.62,3.23,4.6,4.21,5.07,4.18,4.22,5.37,3.2,1.89,1.57,2.36,1.52,2.07,1.79,1.53,1.58,1.79,1.75,2.31,1.47,2.07,2.17,1.54,1.88,1.62,2.2,1.61,2.48,2.44,2.18,1.83,2.19,2.06,2.03,2.13,2.22,2.19,1.93
9427f05d52b3b209f92f465b6acda0d1,Manchester City,Southampton,2024-10-26T14:00:00Z,22.0,21.0,21.0,,15.0,55.0,,31.0,17.0,,29.0,,19.0,,29.0,19.0,26.0,26.0,26.0,20.5,29.0,19.5,28.0,,19.0,26.0,20.0,29.0,25.0,23.0,10.3,9.0,9.5,,8.75,16.0,,10.0,9.0,,10.0,,10.0,,10.0,10.0,10.0,9.5,9.5,9.6,10.0,8.4,9.7,,9.5,11.0,12.0,10.25,9.5,9.0,1.13,1.11,1.08,,1.07,1.16,,1.11,1.1,,1.09,,1.11,,1.09,1.11,1.07,1.06,1.05,1.12,1.09,1.1,1.09,,1.09,1.13,1.08,1.105,1.05,1.12
94490b2627a34141a050d372090994a4,Wolverhampton Wanderers,Manchester United,2024-10-20T15:00:00Z,5.08,4.8,5.26,5.27,5.24,4.63,5.49,4.1,4.78,5.75,4.65,4.74,5.2,4.71,6.08,6.13,6.18,5.52,5.29,5.38,6.35,4.71,4.6,5.36,5.46,4.72,5.46,5.96,5.42,4.7,3.86,4.58,4.33,3.85,3.8,4.34,4.26,3.36,3.26,3.17,3.0,4.96,4.2,4.57,4.02,3.34,3.58,4.53,3.37,3.03,5.46,5.12,3.35,5.29,3.53,5.19,3.73,4.25,4.7,4.8,2.4,1.43,1.47,1.54,1.98,1.66,2.21,2.37,1.92,2.17,2.16,1.63,1.96,1.78,2.2,1.44,1.95,1.45,2.07,2.41,1.82,2.02,1.68,1.65,1.9,2.32,1.62,1.69,1.48,2.23
952c92ad95fe4586b75d10c092352437,Nottingham Forest,Crystal Palace,2024-10-20T15:00:00Z,5.47,6.0,4.68,5.46,5.14,5.18,5.13,5.95,5.78,4.43,5.52,4.61,4.17,5.64,5.66,4.58,5.22,5.46,4.22,5.72,5.63,4.93,5.5,4.19,4.83,5.24,4.15,5.34,6.15,5.79,5.0,3.95,4.98,4.19,3.88,5.18,3.07,3.17,5.31,5.24,3.24,3.13,4.81,3.36,5.38,3.41,4.26,5.36,3.56,3.64,5.41,5.42,4.91,3.21,5.22,5.02,3.45,3.03,3.33,4.25,2.18,1.95,1.54,2.21,2.3,1.48,1.48,1.52,1.54,1.84,2.15,1.54,2.04,2.09,1.79,1.49,1.59,2.03,1.95,2.33,1.94,2.29,1.78,2.28,1.65,2.13,1.48,2.05,2.44,1.86
97e1cc0d7e014f429a7b31e6924ed7db,Brighton & Hove Albion,Manchester United,2024-10-20T15:00:00Z,5.88,5.83,4.69,4.87,5.63,4.6,6.4,6.44,5.77,4.56,4.27,4.35,5.62,4.08,4.78,4.6,4.23,4.89,5.89,6.21,4.59,4.46,5.28,6.47,4.59,5.93,4.33,5.17,5.14,5.38,3.94,4.36,3.55,4.14,3.84,5.21,5.48,3.34,5.37,3.48,3.1,5.18,5.16,5.19,4.2,5.32,3.33,4.36,3.21,3.95,3.57,5.09,5.4,4.88,3.24,3.65,5.15,5.08,5.29,3.93,2.03,1.47,1.5,1.83,1.74,1.89,1.45,1.49,1.57,2.49,1.96,1.63,1.72,2.09,1.47,2.43,1.44,1.89,1.6,2.15,1.65,2.04,2.37,2.46,2.05,2.1,1.54,1.46,2.17,1.44
99377c860d2ca3db23f315baa50b6645,Brighton and Hove Albion,Wolverhampton Wanderers,2024-10-26T14:00:00Z,5.44,5.5,5.25,,4.58,110.0,,5.6,5.25,,5.8,,5.5,,5.8,5.5,5.75,5.6,5.6,5.35,5.8,5.0,5.45,,5.25,5.6,5.2,5.9,5.6,5.5,4.53,4.33,4.33,,3.85,450.0,,4.55,4.2,,4.3,,4.33,,4.3,4.33,4.25,4.2,4.1,4.45,4.35,4.2,4.45,,4.33,4.6,4.5,4.375,4.2,4.33,1.61,1.53,1.53,,1.49,1.69,,1.58,1.53,,1.54,,1.55,,1.54,1.53,1.51,1.49,1.47,1.58,1.55,1.55,1.55,,1.53,1.62,1.55,1.56,1.47,1.57
9954b33e4cf14e4490aefd25e7762463,Fulham,Everton,2024-10-20T15:00:00Z,5.34,5.2,4.52,5.48,6.47,4.57,5.53,4.16,4.53,5.22,5.26,6.19,5.28,5.53,4.71,4.95,4.48,4.98,4.28,5.7,4.94,4.1,4.29,4.58,6.25,6.31,5.36,4.6,5.57,4.6,5.35,3.3,4.75,5.18,5.23,4.33,4.13,5.34,5.49,4.32,4.6,4.12,4.35,5.21,5.39,4.49,4.28,4.28,4.22,4.45,3.29,5.22,3.96,3.4,3.66,3.62,4.67,5.17,5.23,3.85,2.44,1.57,1.94,1.77,1.92,1.89,2.47,1.7,1.96,2.11,1.41,1.67,2.13,2.38,2.06,2.24,1.49,1.63,1.7,1.6,1.65,2.34,1.41,1.82,1.49,1.63,1.74,1.93,2.06,2.15
9cc0a34e189f415b938cc4cf0bc4fab4,West Ham United,Newcastle United,2024-10-20T15:00:00Z,4.87,5.29,5.09,4.48,5.85,5.17,4.94,5.29,4.0,5.49,4.21,5.5,4.83,5.35,4.56,4.4,4.08,6.3,5.14,5.33,5.11,4.45,5.85,5.87,6.03,5.84,6.46,4.19,5.21,5.71,4.65,4.31,4.09,5.22,3.65,5.26,3.53,3.16,5.12,4.23,3.15,4.64,4.3,3.02,3.95,3.26,3.74,5.24,3.32,4.93,3.29,4.65,3.65,4.01,4.4,5.22,3.98,4.76,3.02,3.42,1.72,1.96,2.45,1.41,2.06,2.32,1.73,1.75,1.51,1.77,2.11,1.63,1.74,1.82,2.34,2.0,1.83,1.68,2.23,1.88,2.07,2.03,1.72,1.5,1.89,2.42,2.07,2.0,1.48,1.52
9d74913e14454e3daba52e85a37772af,Aston Villa,Newcastle United,2024-10-20T15:00:00Z,6.37,4.51,6.14,5.6,5.45,5.82,4.88,5.99,4.98,5.06,4.33,4.9,4.21,5.32,5.0,5.46,6.36,4.35,4.6,6.4,5.01,5.82,4.42,5.98,5.19,5.11,4.09,5.27,6.2,6.09,5.38,5.31,3.25,4.4,3.27,4.53,4.65,5.27,5.26,5.11,3.1,4.51,4.44,3.8,4.52,3.64,4.77,3.26,4.4,4.47,5.06,4.2,4.56,3.46,5.31,3.43,4.56,4.81,4.36,3.22,1.95,1.64,2.32,2.3,2.31,2.38,2.13,1.54,1.79,1.69,1.52,1.83,2.22,2.13,2.3,2.15,1.73,1.69,2.11,1.76,1.41,1.68,1.84,1.95,1.98,1.69,1.44,2.03,1.97,1.9
9f953baba94a3b1a1a2130721282c1f9,Aston Villa,Bournemouth,2024-10-26T14:00:00Z,4.63,4.5,4.5,,3.95,4.7,,4.55,4.33,,4.6,,4.4,,4.6,4.4,4.5,4.5,4.4,4.55,4.6,4.3,4.45,,4.33,4.75,4.6,4.675,4.5,4.6,4.05,3.8,4.0,,3.58,1000.0,,4.2,3.8,,3.95,,4.0,,3.95,3.9,3.9,3.85,3.8,3.98,4.0,3.9,4.1,,3.9,4.2,4.1,4.05,3.8,4.0,1.77,1.73,1.67,,1.62,2.04,,1.75,1.7,,1.71,,1.73,,1.71,1.73,1.68,1.66,1.64,1.74,1.72,1.69,1.72,,1.7,1.78,1.67,1.74,1.63,1.73
a137d5e9641d4a83be449425b80d18c2,Everton,West Ham United,2024-10-20T15:00:00Z,4.57,4.72,4.21,5.52,5.41,4.96,5.31,5.42,4.75,5.94,5.77,5.92,5.9,5.78,4.73,4.71,6.38,4.7,4.97,4.23,4.99,4.73,5.28,6.2,6.26,4.66,4.24,5.22,5.79,4.12,5.21,4.47,4.95,3.41,4.32,5.47,4.39,4.97,3.87,3.81,4.85,3.91,4.5,4.81,4.74,4.78,3.34,3.7,3.01,3.2,5.42,4.55,3.39,3.33,3.46,3.04,4.24,4.96,5.06,3.96,1.56,1.61,1.47,1.49,2.24,1.57,2.11,2.44,1.89,2.09,2.16,1.98,1.59,1.44,2.18,1.44,2.46,1.88,1.41,2.4,1.97,1.66,2.24,1.52,1.76,1.63,2.09,2.5,2.44,1.76
a4e8419fd4879d3e019537cda13eb112,Fulham,Aston Villa,2024-10-19T14:00:00Z,2.92,2.88,2.8,2.88,2.75,3.1,2.7,2.95,2.8,2.75,2.85,2.85,2.9,2.8,2.85,2.87,2.8,2.75,2.75,2.86,2.88,2.83,2.9,2.89,2.8,2.98,2.95,2.915,2.75,3.0,3.71,3.4,3.5,3.5,3.32,3.7,2.8,3.6,3.3,3.4,3.55,3.5,3.5,3.4,3.55,3.4,3.5,3.45,3.4,3.64,3.55,3.42,3.5,3.54,3.4,3.63,3.3,3.6,3.4,3.5,2.42,2.38,2.3,2.4,2.24,2.5,2.1,2.4,2.38,2.3,2.38,2.45,2.37,2.4,2.38,2.37,2.33,2.3,2.28,2.38,2.38,2.3,2.35,2.44,2.38,2.51,2.4,2.405,2.25,2.38
a607425d48b44b84baa49afb8c38d59e,Everton,West Ham United,2024-10-20T15:00:00Z,5.39,5.45,4.67,5.91,6.06,4.26,4.52,5.26,6.1,4.17,4.36,4.33,5.91,5.45,5.75,6.19,5.88,5.96,5.99,4.83,5.01,5.92,5.43,4.72,6.06,4.48,6.36,5.23,4.84,5.05,3.49,5.24,3.47,3.92,3.17,4.4,5.2,3.13,3.11,4.1,4.48,4.14,4.63,3.5,5.46,3.31,5.23,3.78,3.18,3.15,3.95,4.52,3.98,3.3,4.2,4.15,4.86,5.03,3.84,5.25,2.22,1.43,1.49,1.43,2.46,1.53,2.4,1.62,1.55,1.41,2.49,1.95,2.42,2.31,2.34,2.16,1.68,2.49,1.54,2.39,1.91,1.97,2.04,2.18,1.41,1.91,2.43,1.52,2.31,2.32
a83fc5946b0046e69864d131b862e9e1,Crystal Palace,Brighton & Hove Albion,2024-10-20T15:00:00Z,5.3,5.44,6.38,4.94,6.07,5.18,6.02,5.14,5.08,4.9,5.93,5.06,4.62,5.36,4.67,6.02,6.05,5.3,5.42,5.07,5.99,5.38,5.98,5.41,6.3,6.46,5.91,5.02,5.21,4.45,4.01,3.44,3.6,3.33,4.58,4.74,4.65,4.13,5.32,4.24,3.93,3.76,4.65,5.01,4.94,3.08,4.54,4.26,4.74,3.66,3.75,5.02,4.82,3.23,4.06,3.92,3.23,3.67,4.48,3.63,1.68,1.56,1.73,1.61,1.55,2.21,2.37,2.08,1.48,2.38,1.61,1.99,1.81,2.23,2.28,1.94,2.29,1.54,2.4,2.21,1.87,1.64,1.83,1.86,1.94,1.57,1.45,1.98,2.18,1.51
aa675f4cfb1746f1b13ccbb72f1f87ab,Manchester United,Brighton & Hove Albion,2024-10-20T15:00:00Z,4.4,5.07,4.45,5.02,5.42,4.27,6.0,5.86,6.15,5.39,4.45,5.12,6.15,5.15,6.12,5.51,5.02,6.38,4.77,5.14,6.44,5.92,5.04,5.62,5.38,5.51,5.71,5.16,5.16,6.16,4.37,4.0,5.34,3.75,4.51,3.84,5.15,3.58,3.26,4.06,3.22,3.3,3.7,3.24,4.65,5.09,4.03,5.09,4.21,4.07,3.06,3.83,3.73,4.2,3.53,3.4,4.16,3.63,3.29,4.85,1.61,2.13,2.23,1.82,1.53,2.15,2.13,1.77,1.66,2.28,1.65,1.44,2.25,1.99,2.08,1.8,1.41,2.38,1.95,2.38,1.58,1.68,1.57,1.58,1.71,1.6,1.65,2.4,1.75,2.13
abd768f886014a65a3e2087085e18618,Newcastle United,Burnley,2024-10-20T15:00:00Z,5.58,6.21,4.7,6.15,5.44,5.73,6.45,5.25,5.54,4.29,5.05,5.11,6.01,4.89,6.11,6.48,4.29,4.44,4.32,6.08,4.46,6.44,5.37,6.22,5.19,4.96,5.82,5.87,5.6,5.44,4.84,4.85,3.92,4.42,3.07,4.91,3.6,4.94,3.83,3.88,3.95,4.66,4.26,3.35,3.85,4.99,5.09,3.03,4.56,3.53,3.7,3.08,4.65,4.77,5.25,5.4,3.57,4.9,3.07,4.95,2.42,1.84,1.46,2.01,2.18,1.59,2.47,2.26,2.32,1.41,1.81,1.46,1.69,2.42,2.2,1.56,2.39,1.48,2.31,1.56,1.52,2.03,1.87,1.65,2.46,1.69,2.03,2.29,1.46,1.56
ac8a03db05894fb0a01d4aa24ee3a01b,Luton Town,Brentford,2024-10-20T15:00:00Z,4.54,5.05,5.64,6.23,6.26,6.3,4.87,4.63,5.69,4.92,5.26,5.88,6.44,5.06,6.22,4.97,4.91,4.69,6.03,5.94,4.67,5.9,5.05,5.76,4.23,4.47,4.63,5.08,4.24,5.13,4.88,5.17,5.32,3.7,5.35,5.07,4.52,3.76,4.29,3.28,4.54,3.85,3.56,5.44,3.14,4.54,5.18,3.56,3.52,3.57,3.25,4.59,5.13,4.71,5.0,3.96,3.79,4.27,3.4,5.24,2.24,2.32,1.92,2.29,1.69,1.87,1.93,1.55,1.54,2.1,1.78,1.48,1.59,1.6,2.31,1.91,2.38,1.71,2.49,1.57,2.1,2.45,1.98,2.08,2.01,1.83,1.41,1.84,1.74,2.35
adadc1b9f2a54ad7b1701e384cd98e59,Aston Villa,Newcastle United,2024-10-20T15:00:00Z,4.52,5.42,5.5,5.27,6.1,4.54,4.46,4.02,4.45,5.46,4.64,4.45,4.01,4.68,4.1,4.95,6.04,5.82,4.37,4.53,4.82,5.7,4.39,4.81,4.2,5.54,5.31,6.32,4.91,6.24,3.44,5.24,4.03,4.8,3.73,5.39,4.67,4.35,5.01,4.83,4.93,3.3,4.8,3.14,4.45,3.97,3.57,4.1,5.38,3.84,5.43,3.36,5.07,4.86,3.98,3.82,5.41,3.78,3.53,4.73,2.13,2.46,1.84,2.12,1.62,1.73,2.46,1.59,2.18,2.24,1.81,2.1,1.7,1.7,1.86,2.46,2.43,1.79,1.94,2.44,1.94,1.63,1.63,1.82,1.49,2.02,2.04,2.43,1.98,2.45
ae6033b953b04f5aa3c1a4f84dc09bf2,Chelsea,Sheffield United,2024-10-20T15:00:00Z,5.28,4.52,6.34,5.15,4.05,6.29,4.12,4.25,5.3,5.72,4.92,4.22,5.13,5.44,4.24,4.4,5.56,5.22,6.33,4.66,6.13,4.65,4.93,4.97,5.78,4.34,6.17,6.25,5.29,4.6,5.13,3.2,5.41,3.16,4.09,3.27,4.26,4.87,5.26,4.24,3.81,4.89,5.22,3.7,3.24,4.09,5.32,4.38,5.49,5.13,4.65,5.18,4.53,4.45,3.26,5.19,5.07,5.29,5.37,4.3,1.86,2.42,1.7,2.34,2.48,1.41,1.47,2.19,1.75,1.93,2.12,1.44,2.37,2.36,2.18,1.63,2.13,1.74,1.41,2.18,2.03,2.28,1.87,2.34,1.56,2.05,2.2,2.35,2.23,1.78
b29223ee8eab42dbadce53cbad7610c8,Chelsea,Manchester City,2024-10-20T15:00:00Z,5.46,6.43,5.02,4.4,4.25,4.99,6.26,4.49,5.65,5.97,4.53,4.13,5.83,6.25,5.11,6.03,5.53,4.9,4.21,6.26,5.46,6.27,5.13,4.34,5.28,4.9,4.53,5.99,6.47,4.28,4.8,3.99,5.02,3.62,3.8,4.82,5.49,5.17,4.62,3.06,5.4,4.11,3.75,3.49,3.45,4.58,3.01,3.46,3.16,5.16,3.8,4.77,5.3,3.6,3.96,3.82,3.83,4.57,3.52,3.0,2.11,1.7,2.46,1.63,2.0,2.45,2.13,1.41,2.18,2.32,1.62,2.43,1.95,2.06,1.9,2.3,2.18,1.52,1.41,2.19,1.55,2.01,1.95,1.4,2.32,2.3,2.38,1.98,2.0,2.33
b36e1e4011074e069f50573dfcba149a,Nottingham Forest,Crystal Palace,2024-10-20T15:00:00Z,5.27,5.94,5.14,5.24,6.01,4.61,4.51,4.9,4.89,4.81,6.47,4.52,5.52,5.68,6.26,5.15,5.04,5.86,4.88,4.83,6.19,5.25,4.26,5.01,5.41,6.04,4.33,6.36,4.3,4.11,3.09,3.5,4.05,4.08,4.21,3.46,3.6,3.73,5.48,4.39,3.8,4.89,5.19,3.16,3.06,4.51,4.24,4.93,3.96,3.91,3.04,3.33,3.11,4.18,5.07,3.0,4.26,4.56,4.56,3.18,1.45,2.19,2.22,2.12,1.52,1.56,2.02,2.46,1.77,1.6,2.36,2.48,1.79,1.79,1.81,1.47,2.27,1.41,1.52,1.71,2.48,2.02,1.46,1.64,1.46,1.8,2.43,1.95,1.61,2.35
b52655dd4e42aacd0e7281126f97b437,Leicester City,Nottingham Forest,2024-10-25T19:00:00Z,2.72,2.75,2.62,,,2.64,,2.62,2.7,,2.55,,2.7,,2.55,2.7,2.55,2.48,2.45,2.67,2.6,,2.58,,2.62,2.79,2.8,2.615,2.45,2.7,3.54,3.4,3.3,,,4.3,,3.45,3.2,,3.4,,3.3,,3.4,3.3,3.35,3.3,3.25,3.48,3.45,,3.35,,3.4,3.6,3.2,3.475,3.25,3.4,2.66,2.5,2.55,,,3.15,,2.78,2.5,,2.7,,2.6,,2.7,2.5,2.65,2.6,2.6,2.61,2.7,,2.72,,2.5,2.68,2.55,2.725,2.6,2.6
b747c3c47308ae5f4cf873ee949429d8,Brentford,Ipswich Town,2024-10-26T14:00:00Z,4.79,5.0,4.8,,4.22,4.9,,4.85,4.5,,4.9,,4.8,,4.9,4.8,4.9,4.8,4.75,4.7,5.0,4.6,4.7,,4.8,5.1,4.6,5.05,4.8,4.75,4.38,4.33,4.0,,3.83,4.4,,4.45,4.2,,4.2,,4.2,,4.2,4.0,4.1,4.0,4.0,4.3,4.2,4.2,4.35,,4.0,4.6,4.1,4.25,3.95,4.2,1.7,1.61,1.61,,1.53,1.85,,1.68,1.61,,1.64,,1.65,,1.64,1.65,1.61,1.58,1.57,1.67,1.65,1.6,1.62,,1.62,1.69,1.67,1.665,1.56,1.67
bd7d9fd471e44cf0945773fdd0314784,Liverpool,Aston Villa,2024-10-20T15:00:00Z,4.19,4.45,6.0,4.6,5.61,4.06,6.07,5.97,4.3,4.66,5.94,6.31,4.3,6.21,4.21,5.91,4.99,6.03,6.24,6.35,4.11,4.17,6.48,5.64,5.94,4.1,5.17,4.38,5.72,5.85,3.61,5.13,3.04,5.22,5.05,4.4,3.09,4.64,5.43,4.15,3.02,4.62,5.47,4.96,4.59,5.07,4.73,3.74,3.87,5.44,3.88,5.17,3.94,5.48,4.05,3.6,4.07,5.37,4.67,3.39,2.05,2.26,2.33,1.85,1.53,1.88,2.13,2.29,1.95,1.91,1.91,1.88,1.98,1.92,2.27,1.94,1.65,1.87,1.66,2.01,1.77,2.44,1.83,1.77,2.29,1.53,1.55,1.58,2.41,2.19
c10ad04ddca34e659faf2f796de88133,Manchester City,Manchester United,2024-10-20T15:00:00Z,5.66,4.26,5.03,6.06,5.31,5.42,6.32,5.39,5.28,4.73,4.74,4.49,4.6,4.2,4.83,5.45,4.49,4.78,4.69,5.99,5.19,5.45,5.13,4.15,4.54,6.35,6.02,5.51,4.02,6.04,3.75,3.03,3.4,4.27,4.25,5.06,5.17,4.9,3.23,4.24,5.2,5.32,4.0,4.72,4.24,3.53,4.8,3.2,4.84,4.89,3.14,4.47,4.12,5.06,5.04,4.41,4.81,3.11,4.03,3.42,1.57,1.67,1.64,1.78,1.6,2.13,1.93,2.03,1.41,2.44,1.62,1.56,2.05,2.29,1.47,2.24,1.42,1.89,2.48,2.14,1.51,2.26,2.13,1.47,1.7,2.18,1.72,1.64,2.3,1.47
c254a8ce5b4a458fbcea976bfa05b2bc,Everton,Fulham,2024-10-20T15:00:00Z,4.54,5.24,5.63,6.15,5.8,6.33,5.71,4.16,4.84,5.24,5.54,4.7,4.8,6.45,4.36,4.65,4.79,4.86,4.15,5.54,5.69,5.25,6.42,5.38,4.88,5.56,4.51,6.49,4.84,4.94,4.18,3.58,4.5,3.82,4.68,5.19,3.42,3.65,3.97,5.37,5.29,3.34,5.23,4.72,3.74,3.4,3.29,4.48,4.89,3.95,4.52,4.36,3.23,4.17,3.74,3.12,4.35,3.35,4.9,4.33,2.15,2.37,1.53,2.11,1.93,2.45,2.31,2.48,1.65,1.9,1.65,1.49,1.5,1.8,1.62,1.41,2.05,1.52,1.53,1.92,2.23,1.7,1.76,2.44,2.36,1.8,1.46,1.46,2.46,1.47
c2761741debb204bd9b3d442213fcbeb,Crystal Palace,Tottenham Hotspur,2024-10-27T14:00:00Z,2.12,2.1,,,1.85,2.18,,2.12,2.05,,2.04,,2.1,,2.04,2.05,2.02,1.98,1.96,2.08,2.05,2.05,2.1,,2.05,2.16,2.05,2.075,1.95,2.1,3.81,3.5,,,3.25,640.0,,3.75,3.5,,3.7,,3.7,,3.7,3.6,3.65,3.55,3.55,3.74,3.7,3.5,3.65,,3.6,3.82,3.5,3.75,3.55,3.6,3.42,3.4,,,3.0,780.0,,3.4,3.25,,3.4,,3.3,,3.4,3.25,3.35,3.3,3.25,3.36,3.45,3.24,3.3,,3.25,3.51,3.5,3.475,3.25,3.4
c3061e04525322b1951e60e3470918cb,Southampton,Leicester City,2024-10-19T14:00:00Z,2.94,2.88,2.8,2.89,2.76,3.15,2.63,2.88,2.75,2.8,3.0,2.92,2.87,2.85,3.0,2.87,2.95,2.9,2.88,2.88,3.05,2.84,2.82,2.94,2.8,3.01,2.95,3.075,2.9,2.9,3.71,3.4,3.5,3.46,3.3,3.65,2.8,3.6,3.5,3.4,3.5,3.5,3.5,3.4,3.5,3.5,3.45,3.4,3.35,3.64,3.5,3.4,3.5,3.47,3.4,3.63,3.5,3.55,3.35,3.6,2.41,2.38,2.3,2.41,2.25,2.52,2.2,2.45,2.3,2.3,2.3,2.42,2.37,2.35,2.3,2.3,2.28,2.23,2.2,2.36,2.32,2.31,2.42,2.44,2.38,2.48,2.3,2.335,2.2,2.38
c354c724645a49399256942563b1ea38,Manchester City,West Ham United,2024-10-20T15:00:00Z,6.02,6.1,6.21,4.89,4.78,5.87,5.86,4.93,5.5,5.12,4.67,6.34,4.89,4.9,4.85,4.04,4.04,4.08,5.09,5.45,4.77,6.0,5.52,5.76,5.06,4.9,4.0,4.34,6.49,5.58,3.71,4.81,4.58,4.96,4.62,4.05,3.16,3.6,3.84,4.44,4.55,3.14,3.53,3.79,3.15,3.43,3.09,4.86,5.22,3.71,3.97,4.31,4.04,3.58,3.61,4.54,4.15,3.8,4.75,4.82,1.94,1.49,2.21,2.38,1.79,1.44,1.91,1.71,2.18,1.84,1.69,1.47,1.75,2.15,1.53,1.84,2.1,2.06,2.15,1.87,2.19,1.42,2.44,2.12,2.1,2.15,2.35,2.22,1.83,1.83
ca1d2533e9d548b6995ebe91ac9dade7,Manchester City,Nottingham Forest,2024-10-20T15:00:00Z,6.04,6.22,4.16,5.7,4.46,5.43,4.88,5.54,4.62,5.89,5.66,4.99,4.32,6.3,4.38,4.35,5.1,6.48,6.15,4.09,4.47,6.2,5.76,4.95,4.04,5.34,6.22,4.62,5.64,5.25,4.24,3.63,3.7,3.02,4.99,5.32,3.11,4.54,4.11,3.8,4.8,4.1,3.91,3.59,3.81,4.07,3.61,5.2,5.4,3.98,4.67,4.54,3.75,3.45,4.36,4.23,3.41,3.64,3.36,3.17,1.92,1.9,1.53,2.27,1.92,1.91,1.4,2.14,1.7,1.92,2.42,1.55,2.28,1.89,1.66,1.63,1.52,1.5,1.98,1.58,2.15,2.14,2.44,2.37,2.38,2.25,1.99,1.65,1.63,2.4
ca7e5bde1c9446cb9ffd8813a11a01d3,Brighton & Hove Albion,Manchester City,2024-10-20T15:00:00Z,4.96,6.49,6.24,4.72,4.78,5.62,6.0,4.07,4.12,4.3,6.24,5.82,5.33,4.08,4.69,4.04,5.79,4.03,6.2,4.44,6.26,5.66,6.23,5.27,5.08,5.72,5.57,6.13,4.22,5.92,5.13,3.4,5.49,5.2,4.43,4.32,4.72,4.68,4.7,3.02,3.02,3.96,5.18,3.18,5.02,4.89,3.57,4.69,3.1,5.33,5.15,5.22,3.96,4.11,5.39,3.91,5.48,4.73,3.97,5.46,1.51,2.13,1.89,2.35,2.14,1.47,1.41,2.37,1.82,1.42,2.38,2.04,2.38,2.18,2.02,2.48,1.59,2.04,1.48,1.5,1.87,1.96,1.52,1.72,2.42,2.12,1.57,2.43,1.75,2.4
cdd43462615c4fc88eb1c4e4663c112d,Chelsea,Burnley,2024-10-20T15:00:00Z,5.76,4.56,6.33,4.08,4.18,5.48,6.12,5.43,6.48,5.2,5.69,4.22,5.24,4.7,6.26,5.98,5.69,5.83,4.64,4.1,5.83,5.48,5.34,4.09,4.34,4.44,4.3,4.47,4.03,6.22,5.02,4.32,3.93,3.34,3.88,4.58,4.22,3.93,5.49,4.4,4.22,3.71,5.38,3.38,3.34,3.99,5.25,3.33,3.35,4.28,3.67,3.91,3.06,4.36,3.2,4.01,3.72,5.15,3.45,4.26,2.18,1.64,2.44,1.83,1.6,2.41,1.61,1.76,2.4,2.27,1.86,2.21,2.48,1.42,1.74,1.8,1.93,2.41,2.26,2.29,2.29,1.78,1.46,2.02,1.54,1.79,2.43,1.5,1.83,2.32
d0628cb868b64f9a89bb7a459fd90fd7,Arsenal,Brighton & Hove Albion,2024-10-20T15:00:00Z,5.12,4.63,5.85,5.36,4.93,4.11,5.45,6.41,4.79,5.97,4.93,5.91,5.88,6.04,4.98,5.35,4.74,4.26,4.5,5.63,4.78,6.07,5.48,4.96,5.42,6.1,4.56,5.92,4.98,5.33,4.66,4.28,5.08,4.72,3.58,3.55,3.45,4.42,3.31,4.05,3.82,4.13,4.31,3.56,4.65,3.31,5.5,5.39,5.31,5.06,3.79,3.3,3.79,3.25,5.39,3.07,3.64,5.12,3.21,4.16,1.7,1.59,2.43,1.83,1.99,2.39,2.33,1.75,1.63,1.62,1.57,1.6,1.75,1.52,1.58,2.08,1.9,1.47,2.38,2.48,1.46,2.46,1.68,1.64,2.46,1.55,1.73,2.35,2.38,1.5
d07f4e7ab1e1465bb618f5cd45d119c4,Aston Villa,Burnley,2024-10-20T15:00:00Z,4.74,4.1,4.66,6.48,5.97,5.17,5.54,4.0,6.12,5.24,4.08,4.6,4.43,4.2,5.14,4.93,5.52,5.58,4.45,4.89,5.52,4.11,5.06,6.29,4.95,5.7,4.1,4.01,6.31,4.76,5.15,3.83,4.07,4.96,3.94,5.49,3.13,5.16,3.37,4.27,3.11,5.25,3.74,4.48,4.12,3.86,4.02,3.75,3.01,4.37,4.45,3.77,5.13,5.37,3.8,4.83,3.77,4.94,3.03,5.36,1.91,1.55,2.11,2.36,2.08,1.5,1.62,1.45,2.14,1.62,2.22,1.46,1.59,1.47,2.27,2.43,2.29,2.47,1.57,2.1,2.25,2.38,1.47,1.8,2.06,1.55,1.51,1.84,2.28,1.6
d26cf3a74a79497cafcd9ba4c6210d30,Aston Villa,Arsenal,2024-10-20T15:00:00Z,4.85,5.87,5.93,5.13,5.52,4.95,4.46,4.7,5.56,5.64,5.63,4.34,4.21,5.68,4.76,4.15,4.87,6.01,4.28,6.33,5.32,6.27,4.22,5.87,4.04,4.05,5.64,5.88,6.04,4.36,4.3,4.3,3.74,5.41,5.48,4.8,3.92,5.03,4.18,3.94,3.59,3.42,4.4,5.2,3.83,5.07,5.43,3.07,3.22,4.45,4.36,5.3,4.36,3.9,3.79,4.44,5.27,3.56,4.96,4.88,1.55,2.25,1.84,2.13,1.84,2.04,2.38,1.93,2.33,1.74,1.66,2.12,1.53,2.31,1.68,1.73,2.46,1.47,1.86,1.67,1.41,2.21,2.31,1.7,1.72,1.71,1.99,1.85,1.54,2.1
d3ace84aee8238229b71e41886d03e6c,Arsenal,Liverpool,2024-10-27T16:30:00Z,3.54,3.6,,,3.18,3.75,,3.4,3.25,,3.6,,3.4,,3.6,3.4,3.55,3.5,3.45,3.48,3.65,3.42,3.3,,3.25,3.7,3.5,3.675,3.5,3.5,3.87,3.6,,,3.25,3.85,,3.8,3.5,,3.6,,3.6,,3.6,3.6,3.55,3.5,3.45,3.8,3.6,3.5,3.7,,3.6,3.83,3.6,3.65,3.45,3.7,2.06,2.0,,,1.89,2.4,,2.12,2.05,,2.0,,2.05,,2.0,2.05,1.96,1.94,1.92,2.02,2.02,1.99,2.08,,2.05,2.09,2.0,2.04,1.92,2.05
d44dbbb5aa3e43eab5d43f210910b8c1,Wolverhampton Wanderers,Arsenal,2024-10-20T15:00:00Z,5.7,4.23,5.61,4.88,5.73,5.79,4.55,6.03,5.14,4.97,4.47,5.77,4.8,5.74,5.62,5.65,4.95,4.05,5.91,5.14,4.13,4.08,4.36,5.18,6.47,4.32,4.89,4.65,5.76,5.62,3.88,4.61,4.49,5.27,4.5,3.82,4.49,3.23,3.55,4.25,4.02,3.06,4.2,4.71,5.4,4.16,5.39,4.89,5.48,3.43,4.51,4.18,5.11,3.53,5.3,4.49,3.65,3.35,4.65,3.11,1.51,2.34,2.14,2.18,2.3,2.05,1.99,2.07,2.33,1.96,2.43,2.41,2.39,1.72,1.81,1.9,2.49,2.29,1.98,2.23,1.92,2.45,1.9,1.85,2.43,1.92,2.1,2.03,2.1,2.06
d7b4da00de414d1e8aa5a1cd3fcf30ad,Brighton & Hove Albion,Brentford,2024-10-20T15:00:00Z,6.33,4.65,4.51,5.05,5.18,4.07,6.05,4.13,5.99,4.92,6.4,5.07,4.93,4.98,6.11,4.14,4.23,5.9,6.02,5.06,5.88,4.48,5.47,5.19,5.28,6.13,4.56,5.54,4.06,4.45,5.18,4.37,5.08,5.32,3.14,4.17,5.48,5.34,3.21,4.57,4.8,3.36,5.21,4.23,3.91,3.19,4.7,3.27,4.31,3.73,4.7,3.63,4.46,3.21,4.57,3.48,4.38,4.84,5.4,3.63,1.76,2.07,1.74,2.04,1.56,1.74,1.88,1.73,2.5,1.49,1.81,2.3,1.97,1.61,2.42,1.96,2.04,1.59,1.61,2.47,2.3,1.69,2.38,2.39,1.8,1.75,2.07,1.53,1.93,1.46
df6740a9726b411f91586d18d2690a68,Nottingham Forest,Liverpool,2024-10-20T15:00:00Z,4.1,5.8,5.91,5.69,5.29,5.76,4.54,5.29,5.76,5.96,5.11,6.27,5.32,5.42,4.87,5.43,5.73,4.41,5.12,4.52,5.41,5.8,4.32,4.71,4.8,5.96,5.32,4.65,5.87,5.96,5.45,4.29,3.05,3.96,3.83,3.26,3.99,5.32,4.35,4.56,3.37,3.05,4.51,4.57,3.56,5.2,3.37,4.33,5.31,5.01,3.18,4.27,5.06,3.4,4.11,5.46,4.25,4.32,5.07,4.69,2.48,1.61,1.48,2.08,1.51,1.46,2.4,2.19,2.06,1.98,2.03,1.56,1.89,2.39,1.7,1.42,2.17,1.45,2.07,1.86,2.32,1.69,1.42,1.65,1.97,2.15,1.67,1.9,1.81,1.74
e075d8c1fae247a382a1fdc3d6cc5eb3,Arsenal,Crystal Palace,2024-10-20T15:00:00Z,5.86,5.68,4.1,5.03,4.33,5.81,4.56,5.89,4.13,5.16,4.27,5.59,4.18,5.48,6.27,4.05,6.43,4.78,6.39,4.4,6.11,6.14,5.0,5.86,5.19,4.63,4.97,5.48,4.36,5.86,5.12,5.1,4.93,4.53,5.37,4.52,3.71,3.08,4.21,5.44,4.78,3.83,4.45,3.36,4.91,3.58,4.25,3.02,4.65,4.58,3.09,4.04,3.19,3.81,3.71,3.11,4.57,4.74,4.67,4.72,2.13,2.39,2.12,2.08,1.4,2.05,1.76,1.7,1.76,2.31,1.48,1.95,2.06,1.77,2.36,2.33,1.75,2.01,1.44,1.96,1.48,1.69,2.32,1.61,1.44,1.62,1.93,2.47,2.15,1.65
e4711ea54e1f4c2db786f04d791e1eb0,Tottenham Hotspur,Newcastle United,2024-10-20T15:00:00Z,4.14,5.78,5.96,6.06,5.94,4.4,4.37,4.38,5.7,4.07,5.58,5.07,4.52,6.48,5.08,5.62,4.19,5.18,5.99,5.84,4.79,4.91,5.91,4.92,5.9,4.67,5.57,6.03,6.15,5.05,3.18,3.07,4.18,4.99,4.38,4.65,3.25,3.69,5.2,3.9,4.16,5.44,4.38,4.5,5.48,4.17,4.25,5.02,3.52,3.65,4.56,3.97,4.43,3.08,4.63,4.96,4.09,3.16,5.31,4.24,1.52,2.44,1.72,2.41,2.28,1.56,1.87,2.01,1.72,2.38,2.36,2.09,1.85,2.27,2.38,2.44,2.39,1.94,2.01,2.28,2.31,2.26,1.48,2.39,1.82,2.1,1.74,2.3,2.31,2.28
e9bc3ae6cf784cecb3b4a6d2f4e2b945,Manchester United,Nottingham Forest,2024-10-20T15:00:00Z,5.71,4.16,5.83,4.04,5.14,5.02,4.05,5.92,5.42,5.69,4.88,5.88,5.4,6.03,4.88,4.19,4.99,5.05,6.34,5.8,5.27,5.63,4.33,4.89,4.35,4.31,5.39,6.37,5.65,4.53,4.36,5.38,4.01,4.47,5.31,5.11,4.05,4.08,4.58,4.34,5.04,4.75,4.96,4.57,3.76,3.5,4.29,5.5,3.78,4.0,3.67,4.68,5.32,4.33,4.29,4.65,4.56,5.45,4.39,4.67,1.94,2.45,2.32,1.44,2.04,1.73,2.17,2.06,1.63,1.57,2.17,2.15,1.73,2.15,2.06,1.43,2.19,1.92,2.3,1.6,1.88,1.85,1.69,1.98,2.16,1.55,1.9,1.54,1.87,1.75
edf7073d14d748fc8d1738147ee82a79,Chelsea,Crystal Palace,2024-10-20T15:00:00Z,4.69,4.69,4.75,5.68,6.13,4.11,5.19,6.37,5.04,6.38,5.14,4.73,5.29,5.84,6.22,6.11,5.1,5.45,5.92,4.72,4.37,5.64,5.58,4.63,4.63,4.69,6.12,4.6,5.14,4.06,4.33,3.69,4.59,5.34,4.52,5.46,4.26,4.33,4.28,4.56,4.24,4.41,3.7,3.38,3.7,3.27,4.86,3.19,3.98,4.25,3.95,3.14,5.41,3.21,4.82,3.16,5.2,5.46,3.91,3.67,1.67,1.91,2.31,1.5,2.25,2.49,2.0,2.1,2.49,1.41,1.57,2.04,2.15,1.47,1.8,1.65,1.89,2.28,1.88,2.46,1.97,1.98,1.49,2.19,2.29,2.4,2.31,2.19,1.78,1.58
eea597a56523ff47b477a010be877d10,Manchester United,Brentford,2024-10-19T14:00:00Z,4.78,5.0,4.75,4.6,,5.5,4.5,5.0,4.5,4.33,5.2,5.0,4.8,4.4,5.2,4.8,5.1,5.0,5.0,4.7,5.2,4.5,4.85,4.6,4.75,4.8,4.6,5.25,5.0,4.75,4.41,4.33,4.1,4.3,,4.6,3.4,4.45,4.2,4.2,4.2,4.35,4.2,4.2,4.2,4.2,4.1,4.1,4.0,4.33,4.2,4.2,4.35,4.34,4.2,4.6,4.4,4.25,4.0,4.2,1.7,1.61,1.61,1.67,,1.71,1.53,1.65,1.61,1.62,1.61,1.64,1.65,1.65,1.61,1.65,1.57,1.56,1.54,1.67,1.62,1.61,1.62,1.68,1.62,1.72,1.62,1.635,1.54,1.67
ef8ac33da7ae40c08f7c63f295354e12,Wolverhampton Wanderers,West Ham United,2024-10-20T15:00:00Z,4.19,4.64,4.27,5.95,5.94,6.43,4.27,6.38,4.63,4.62,5.83,4.82,6.41,4.68,5.64,6.48,4.62,6.23,6.13,5.77,5.56,5.8,4.19,4.82,5.71,5.05,6.21,6.15,5.35,6.43,3.17,3.2,4.96,4.39,4.42,5.39,3.4,4.85,5.01,4.17,4.04,4.15,3.09,3.8,3.59,3.26,3.16,5.09,4.65,4.46,4.92,5.17,3.08,5.1,3.48,5.24,3.68,4.89,3.28,4.37,2.09,1.91,2.23,1.9,1.59,1.53,1.61,1.84,2.15,2.27,2.16,1.97,2.1,1.52,1.5,2.4,2.47,2.28,1.99,2.06,2.1,2.2,2.43,1.5,1.99,1.72,2.13,2.47,2.27,1.72
f048212e157842138112d1be587f4433,Tottenham Hotspur,Arsenal,2024-10-20T15:00:00Z,6.42,4.68,5.85,5.82,4.84,5.93,4.21,6.04,5.92,6.11,4.63,4.55,4.69,4.44,4.23,4.56,4.55,4.36,6.27,4.42,6.21,6.01,5.35,4.88,5.66,5.05,5.17,5.32,6.26,5.61,5.44,3.48,4.77,3.61,4.79,3.32,3.48,4.14,3.3,5.08,3.0,3.47,4.3,3.26,3.11,4.12,4.72,3.65,5.43,3.34,4.51,4.15,4.95,3.28,3.63,4.57,3.43,3.67,4.49,5.19,2.36,1.69,1.42,2.09,2.28,1.76,1.58,2.07,1.62,1.59,2.42,1.78,1.92,2.08,2.26,1.84,2.09,1.88,1.93,1.41,1.4,2.16,2.26,1.43,1.77,1.87,1.59,1.81,2.27,2.09
f1bc02c69291488d8197358abf913e3e,Manchester United,Wolverhampton Wanderers,2024-10-20T15:00:00Z,4.67,4.02,5.66,4.7,4.6,6.49,4.55,4.88,5.11,5.45,5.15,6.32,5.03,5.39,4.91,4.51,5.53,5.83,5.3,5.57,5.56,4.56,6.08,5.96,5.79,5.6,5.28,6.37,6.24,4.4,3.34,4.97,4.83,4.21,3.13,3.92,4.52,5.1,4.38,3.92,5.07,3.59,5.26,3.53,4.64,4.28,4.45,5.49,4.33,3.04,3.54,5.05,4.0,5.39,5.17,4.28,4.99,4.26,5.47,3.08,1.77,2.38,1.63,2.12,2.14,1.55,2.44,2.14,2.48,1.55,1.44,2.3,1.84,1.72,2.06,1.73,2.06,2.38,2.18,2.02,2.23,2.09,2.46,2.05,1.49,2.21,2.28,1.49,2.45,1.41
f1f9c32762164f8cb6738b6a5df33311,Nottingham Forest,Arsenal,2024-10-20T15:00:00Z,4.52,5.26,4.28,4.51,5.39,4.11,5.07,6.32,4.65,5.0,4.52,4.6,6.42,6.01,5.71,4.27,4.16,6.41,5.8,4.44,5.55,6.13,5.74,6.44,5.38,5.01,6.09,5.4,4.17,5.07,3.47,5.1,4.72,3.51,3.98,5.18,4.2,4.62,5.13,4.89,4.25,4.17,4.52,3.43,5.04,4.77,3.06,3.08,4.31,5.38,5.14,5.29,4.23,4.84,4.19,3.21,3.25,5.25,4.48,3.42,1.61,2.08,2.11,1.89,1.5,1.84,1.48,1.75,1.52,1.88,2.02,1.91,1.51,1.45,2.03,1.45,1.86,2.24,1.48,1.66,1.56,1.82,1.78,2.26,1.97,2.5,2.25,1.7,1.61,1.49
f811e09231704845a731296747a27a3e,Manchester City,Brentford,2024-10-20T15:00:00Z,4.12,6.34,5.95,6.48,5.58,5.32,5.61,4.51,4.65,5.62,5.89,6.42,4.96,6.31,6.47,4.25,5.19,5.42,4.7,5.25,5.46,4.83,4.13,5.92,6.17,5.83,5.17,5.49,5.25,4.79,4.2,4.64,3.53,3.11,4.81,3.48,3.76,4.79,5.17,3.6,5.33,3.03,4.23,3.31,5.06,3.47,5.33,3.32,3.62,3.33,3.86,4.07,5.43,5.07,5.19,4.9,3.8,4.12,4.89,3.4,1.64,2.37,2.09,2.46,2.33,1.77,1.49,2.39,2.26,1.71,1.65,2.02,1.45,2.17,1.95,2.12,1.98,1.61,1.48,1.63,2.23,2.1,2.02,1.55,2.09,1.76,2.45,2.24,2.13,1.86
f9180de0406b40059779862f764a2f45,Brentford,Aston Villa,2024-10-20T15:00:00Z,5.44,5.34,5.25,5.25,5.96,4.28,5.25,6.07,5.69,5.82,4.47,4.68,6.22,5.35,6.47,6.49,5.55,6.38,5.58,4.02,4.36,5.41,4.55,5.6,5.32,5.54,4.98,5.78,5.01,6.23,3.7,4.48,3.63,3.32,4.9,4.74,4.72,3.63,4.91,3.79,4.12,3.85,4.4,3.6,3.29,4.88,3.41,3.96,4.53,4.44,3.77,4.11,4.24,3.34,3.55,4.5,5.03,4.82,4.81,4.38,1.83,1.48,1.51,1.81,1.87,1.83,1.79,1.65,1.49,2.22,2.11,2.41,1.67,2.31,1.58,2.18,1.83,2.5,2.31,1.72,1.75,1.89,2.02,2.06,1.99,2.26,2.17,1.42,1.86,1.79
f9a45828092747f8bc4cbbe9170ca1d2,Liverpool,Arsenal,2024-10-20T15:00:00Z,5.67,5.49,5.13,4.33,6.32,5.05,4.41,5.88,4.99,4.72,4.1,4.57,4.64,6.15,6.06,6.31,5.48,5.73,4.06,6.12,5.96,5.32,4.13,5.41,4.19,6.37,6.13,4.94,5.57,6.12,3.85,3.37,3.54,3.28,4.17,4.15,4.51,3.22,4.56,4.16,3.81,5.24,4.28,3.72,3.98,3.76,3.5,4.22,3.66,4.93,3.19,5.46,3.29,4.5,3.69,3.53,4.22,3.57,4.64,5.13,2.2,1.59,2.29,2.49,2.08,1.5,2.04,1.5,1.46,1.72,2.32,1.52,1.72,2.38,1.72,2.23,2.35,2.45,2.35,1.73,1.9,2.19,2.39,1.51,1.53,1.85,1.52,2.24,2.39,1.59
fa34b5437d1a4f3cbfc5c8edbefdc218,Brentford,Liverpool,2024-10-20T15:00:00Z,4.6,5.14,5.06,4.39,4.63,5.02,6.49,5.55,4.36,5.51,4.66,4.75,5.3,4.88,6.48,5.63,5.69,5.0,5.81,4.79,6.39,6.34,4.0,5.57,4.54,6.41,6.39,5.29,6.34,5.44,4.13,3.72,5.1,4.99,3.75,3.07,3.27,4.43,5.42,4.17,3.26,5.23,5.03,5.0,4.71,3.43,3.75,5.05,5.37,4.15,4.0,3.24,4.15,4.48,3.5,3.55,3.25,3.48,4.54,4.91,1.95,2.04,1.49,2.1,1.73,2.2,2.2,1.88,1.99,1.6,1.61,2.02,2.0,1.85,2.05,1.94,1.74,1.82,2.43,1.91,2.29,2.16,1.42,1.78,1.42,2.22,2.11,2.43,1.78,2.39
fb99d92aa72f4302bd9a7d36feb89702,Luton Town,Sheffield United,2024-10-20T15:00:00Z,4.94,4.37,4.47,4.51,4.33,4.21,4.65,5.73,6.04,4.74,6.42,6.25,5.75,4.88,4.75,5.08,4.47,5.26,5.1,4.05,5.91,4.85,5.98,5.41,6.22,6.13,5.95,5.2,5.93,6.21,4.82,3.08,4.47,3.97,3.39,3.66,4.88,3.88,5.08,4.59,5.16,4.47,4.92,3.02,5.1,4.54,4.27,5.49,3.43,3.89,4.34,5.19,4.1,4.11,3.49,3.94,4.72,4.18,4.39,5.21,1.75,1.43,2.37,1.68,2.01,2.22,1.62,2.14,1.91,2.48,2.04,1.5,2.19,2.38,2.37,1.5,1.78,2.22,2.15,2.03,2.34,1.55,1.57,1.85,1.8,1.69,1.49,2.46,1.99,2.02
